Talent,Status,x.pos,y.pos,Lucky,Unlucky,Size,Capital,Perceived.Talent
0.6008828359427976,Advantaged,0.13051133236236204,0.16065336261709123,12,1,14.745218991218332,20480,0.7508828359427976
0.8077952747859116,Advantaged,0.09675885661532964,0.6270465017690217,14,3,14.745218991218332,20480,0.9577952747859116
0.6977430399488993,Advantaged,0.6789688625099574,0.1878912222087476,10,0,14.599738127555884,10240,0.8477430399488993
0.7513093763098238,Advantaged,0.6654676753061531,0.21240114018237638,10,0,14.599738127555884,10240,0.9013093763098238
0.5420978760684115,Advantaged,0.1439783998176604,0.4301109490591792,9,0,14.179381950260725,5120,0.6920978760684116
0.6857694468466895,Advantaged,0.9904735380012208,0.7540825580302348,9,0,14.179381950260725,5120,0.8357694468466895
0.6667929351639506,Advantaged,0.7801385810482895,0.5500432273942921,12,3,14.179381950260725,5120,0.8167929351639506
0.7124872032637364,Advantaged,0.4843578942407349,0.7043544078970894,10,1,14.179381950260725,5120,0.8624872032637364
0.6621681037642924,Advantaged,0.10453918874981949,0.6301209346242991,10,1,14.179381950260725,5120,0.8121681037642924
0.600727139515371,Advantaged,0.017220876754182785,0.052501218592683176,9,0,14.179381950260725,5120,0.7507271395153711
0.5654168081297171,Advantaged,0.47500018946205574,0.6818756458178089,9,1,13.591268013328797,2560,0.7154168081297171
0.6406561767956677,Advantaged,0.9935208642635198,0.7419507526039651,8,0,13.591268013328797,2560,0.7906561767956677
0.5430990137227332,Advantaged,0.6704440324194266,0.6825743607124917,8,0,13.591268013328797,2560,0.6930990137227332
0.6132476124826459,Advantaged,0.6995861755790588,0.19489578648229405,11,3,13.591268013328797,2560,0.7632476124826459
0.6896344670220408,Advantaged,0.3722868883931333,0.5105061887541035,9,1,13.591268013328797,2560,0.8396344670220408
0.675023815582027,Advantaged,0.10945470816807924,0.48400333178906113,9,1,13.591268013328797,2560,0.825023815582027
0.7444698699652983,Disadvantaged,0.03818322352101257,0.09607972572233288,8,0,13.591268013328797,2560,0.5944698699652983
0.7148059228539088,Advantaged,0.8967335505274342,0.794253861947467,10,2,13.591268013328797,2560,0.8648059228539088
0.6421815083459333,Advantaged,0.6954009539982888,0.05955738479049126,9,1,13.591268013328797,2560,0.7921815083459334
0.6077728394659825,Advantaged,0.008547857562450701,0.9389563601079457,8,1,13.166243432076536,1280,0.7577728394659825
0.5904908142108072,Advantaged,0.24576080176719833,0.980450192004192,10,1,14.745218991218332,5120,0.7404908142108072
0.7290988730961743,Advantaged,0.5763685987829068,0.9803700402392936,11,2,14.745218991218332,5120,0.8790988730961743
0.6228088534525531,Advantaged,0.6941175034306758,0.878663131829342,9,1,14.456979446737355,2560,0.7728088534525531
0.683680600609273,Advantaged,0.6389149999030546,0.028263787667160457,10,2,14.456979446737355,2560,0.8336806006092731
0.6960050925081962,Advantaged,0.8897296704192048,0.01083612591792732,8,0,14.456979446737355,2560,0.8460050925081962
0.6635134591349413,Advantaged,0.4319170117980583,0.7453806127991471,10,2,14.456979446737355,2560,0.8135134591349413
0.5912394681802698,Advantaged,0.5515177451880343,0.6713099155484685,8,1,13.717773566204011,1280,0.7412394681802699
0.7258340395380095,Advantaged,0.7193378959666585,0.5175884913117972,9,2,13.717773566204011,1280,0.8758340395380095
0.661189780442584,Advantaged,0.784678543267994,0.26464015259453794,7,0,13.717773566204011,1280,0.811189780442584
0.5225473921433093,Advantaged,0.01909375764123762,0.35266540767926147,7,0,13.717773566204011,1280,0.6725473921433093
0.5484033859165015,Advantaged,0.7672802925594059,0.838435256107715,7,0,13.717773566204011,1280,0.6984033859165015
0.5948222282185065,Advantaged,0.6456241926284906,0.9534602854030197,7,0,13.717773566204011,1280,0.7448222282185065
0.5772500174865375,Advantaged,0.04774927922909088,0.3619853074833825,7,0,13.717773566204011,1280,0.7272500174865375
0.6235296159934303,Advantaged,0.07036241271361636,0.05470534083804125,7,0,13.717773566204011,1280,0.7735296159934303
0.5956038361920536,Advantaged,0.8947756934496319,0.9727076565457592,7,0,13.717773566204011,1280,0.7456038361920536
0.743336889028646,Advantaged,0.4047782907114174,0.1456234937635672,12,5,13.717773566204011,1280,0.893336889028646
0.6488739238758896,Advantaged,0.26989633193939216,0.8675936276778875,8,1,13.717773566204011,1280,0.7988739238758896
0.6845403157385196,Advantaged,0.1356872502176916,0.9949256824850758,7,1,12.550185206977645,640,0.8345403157385196
0.8111170867299153,Advantaged,0.13938065444290712,0.06089171853996072,9,3,12.550185206977645,640,0.9611170867299154
0.6926507436809427,Advantaged,0.9394688554842544,0.6466815254062562,7,1,12.550185206977645,640,0.8426507436809427
0.5274144985011668,Advantaged,0.6921891666571169,0.741872958304935,11,0,14.819000116288723,20480,0.6774144985011669
0.5284951139452967,Advantaged,0.7958874998125364,0.4593224492473111,13,3,14.745218991218332,10240,0.6784951139452967
0.5464035177095943,Advantaged,0.5850074168547191,0.009369428539463313,9,0,14.528022434825846,5120,0.6964035177095943
0.5894613635897974,Advantaged,0.052178444702233845,0.6828639871621532,11,2,14.528022434825846,5120,0.7394613635897974
0.7917249240024254,Advantaged,0.05723388906711926,0.8948089817344252,9,0,14.528022434825846,5120,0.9417249240024255
0.6666403042582387,Advantaged,0.1273386766033627,0.0745588215959921,8,0,14.247810156376232,2560,0.8166403042582387
0.5008936169447407,Advantaged,0.9858363155039278,0.40925817731513053,8,0,14.247810156376232,2560,0.6508936169447407
0.47400515129929977,Advantaged,0.5804565649268806,0.34993528101977833,8,0,14.247810156376232,2560,0.6240051512992998
0.7359456294661763,Advantaged,0.21677720700436973,0.3195114746974753,10,2,14.247810156376232,2560,0.8859456294661763
0.7545312137410993,Advantaged,0.3055218709099908,0.6509507010790487,9,2,13.84662633994484,1280,0.9045312137410993
0.5080577978719458,Advantaged,0.610494117282646,0.38395434127545996,7,0,13.84662633994484,1280,0.6580577978719458
0.6972620170652435,Advantaged,0.16259388458701918,0.3975314871959425,7,0,13.84662633994484,1280,0.8472620170652435
0.5825799266960207,Advantaged,0.6424124797433152,0.1839009861297331,8,1,13.84662633994484,1280,0.7325799266960207
0.5700588218326813,Advantaged,0.4161289224947863,0.5603147976966899,9,2,13.84662633994484,1280,0.7200588218326813
0.5517790170683589,Advantaged,0.06483869361042495,0.7009499832994736,8,1,13.84662633994484,1280,0.7017790170683589
0.4654693377474599,Disadvantaged,0.6174900126191718,0.38405689599678217,6,0,12.992173211028865,640,0.3154693377474599
0.48332711160645314,Advantaged,0.2618366494353175,0.05638269612922412,6,0,12.992173211028865,640,0.6333271116064532
0.5576838376213086,Advantaged,0.4252011475387256,0.429354467375936,6,0,12.992173211028865,640,0.7076838376213086
0.7041861147225078,Advantaged,0.3413217938922123,0.28370927585131345,6,0,12.992173211028865,640,0.8541861147225078
0.5053311737211706,Advantaged,0.9282911515560706,0.6495643852878622,8,2,12.992173211028865,640,0.6553311737211707
0.604456357313602,Advantaged,0.649041386083723,0.29206655851208524,14,0,14.819000116288723,163840,0.754456357313602
0.6952101904743462,Advantaged,0.7551100761374802,0.8946010844564223,15,3,14.745218991218332,40960,0.8452101904743462
0.5827506740607877,Advantaged,0.21944969527154642,0.32872405851523934,11,0,14.528022434825846,20480,0.7327506740607878
0.6187948192761745,Advantaged,0.17286842805796782,0.029007681215700895,12,1,14.528022434825846,20480,0.7687948192761745
0.6615169145941576,Advantaged,0.1658184506979062,0.04023492696523592,11,0,14.528022434825846,20480,0.8115169145941576
0.6517749478133614,Advantaged,0.47959296311256455,0.0849848758737413,10,0,14.456979446737355,10240,0.8017749478133614
0.6589186601373275,Advantaged,0.8260818145432468,0.6108924375003695,10,1,14.247810156376232,5120,0.8089186601373275
0.6712997964412607,Advantaged,0.4701729163050244,0.06938685751543265,9,0,14.247810156376232,5120,0.8212997964412607
0.5748513429198845,Advantaged,0.4456618337750676,0.09182700620783465,11,2,14.247810156376232,5120,0.7248513429198845
0.7818882422918243,Advantaged,0.03115082676615103,0.3290884157339231,11,3,13.84662633994484,2560,0.9318882422918243
0.67310159477149,Advantaged,0.6298647958539723,0.8309095155341152,8,0,13.84662633994484,2560,0.82310159477149
0.6021337861717386,Advantaged,0.2393311636466811,0.05003818956583701,8,0,13.84662633994484,2560,0.7521337861717386
0.54288226882969,Advantaged,0.470836985418434,0.079129952294474,8,0,13.84662633994484,2560,0.6928822688296901
0.6648121892723438,Disadvantaged,0.6539118421050855,0.3027169076755958,8,0,13.84662633994484,2560,0.5148121892723437
0.6334459848892042,Advantaged,0.33818394366063326,0.6603829210962341,9,1,13.84662633994484,2560,0.78344598488920425
0.6869621054864175,Advantaged,0.7557150274202394,0.4721963340775643,8,1,12.878704059345738,1280,0.8369621054864175
0.602270157387812,Advantaged,0.6474645924905028,0.29013897897675633,7,0,12.878704059345738,1280,0.752270157387812
0.5420589186428467,Advantaged,0.7499021949913742,0.898852046763302,10,3,12.878704059345738,1280,0.6920589186428467
0.7208702786999739,Advantaged,0.8461096698617498,0.9552645625810681,7,0,12.878704059345738,1280,0.8708702786999739
0.7659449931239225,Advantaged,0.10354893390941829,0.1225264712192804,7,0,12.878704059345738,1280,0.9159449931239225
0.7419839864679117,Advantaged,0.17451154696060095,0.4432294557232465,13,0,14.819000116288723,81920,0.8919839864679118
0.5983827311678174,Advantaged,0.17468299399435855,0.4294519673880023,10,0,14.672134338968696,10240,0.7483827311678174
0.5680492390594423,Advantaged,0.28118853789490106,0.9247545279163997,10,0,14.672134338968696,10240,0.7180492390594423
0.75022770999432,Advantaged,0.4416817186402611,0.4490064188029469,9,0,14.528022434825846,5120,0.90022770999432
0.710488881929682,Disadvantaged,0.9221476990039187,0.5004798712021212,12,3,14.528022434825846,5120,0.5604888819296819
0.6394613377577847,Advantaged,0.7804980951694966,0.425735356404321,9,1,14.31688085879078,2560,0.7894613377577847
0.7440262963527914,Disadvantaged,0.09828430300217067,0.8548710556429769,8,0,14.31688085879078,2560,0.5940262963527914
0.5968960715565534,Disadvantaged,0.5654252567444349,0.05225630100950858,9,1,14.31688085879078,2560,0.4468960715565534
0.6681856192932236,Advantaged,0.8514755371812064,0.6021184135629188,12,5,13.717773566204011,1280,0.8181856192932236
0.7202397620109928,Advantaged,0.2529985827372979,0.3449828927439929,9,2,13.717773566204011,1280,0.8702397620109928
0.6561324013155138,Disadvantaged,0.5565650890632278,0.34893909413413843,7,0,13.717773566204011,1280,0.5061324013155137
0.6435683640822566,Advantaged,0.6599224801430136,0.024330698524773195,7,0,13.717773566204011,1280,0.7935683640822566
0.7023819860807496,Advantaged,0.836378508557876,0.6233142271339059,8,1,13.717773566204011,1280,0.8523819860807497
0.6238238904996326,Disadvantaged,0.48108276490131346,0.3535393850741194,8,1,13.717773566204011,1280,0.4738238904996326
0.6384440564634988,Disadvantaged,0.8322994227321884,0.5977619773064236,7,0,13.717773566204011,1280,0.48844405646349875
0.6909506173942914,Advantaged,0.7247556904655191,0.30588130550389525,7,0,13.717773566204011,1280,0.8409506173942914
0.6551479324851012,Advantaged,0.7620559944423722,0.9924471868961976,9,2,13.717773566204011,1280,0.8051479324851012
0.6205439783162078,Advantaged,0.915781033367836,0.0934422472179103,6,0,12.444501133814441,640,0.7705439783162078
0.5483944476076784,Advantaged,0.6904013066805103,0.24378942412588359,8,2,12.444501133814441,640,0.6983944476076784
0.5770166654675606,Disadvantaged,0.5456296331365014,0.0497540362081977,6,0,12.444501133814441,640,0.42701666546756056
0.6133700980307758,Advantaged,0.5297187246331269,0.4933973123129476,14,0,14.819000116288723,163840,0.7633700980307758
0.6385116757212037,Disadvantaged,0.4965670723560734,0.9477120833147077,12,1,14.745218991218332,20480,0.4885116757212037
0.6701237573259619,Advantaged,0.29016669228237435,0.36070124305719836,10,0,14.599738127555884,10240,0.8201237573259619
0.564457499913966,Advantaged,0.1580267855770126,0.7160829642569804,11,1,14.599738127555884,10240,0.714457499913966
0.6377031217371001,Disadvantaged,0.0903281613579715,0.42654038362774943,9,0,14.528022434825846,5120,0.48770312173710006
0.6458878125687232,Advantaged,0.2012748152714927,0.7972223616693984,9,1,14.111588942238917,2560,0.7958878125687232
0.6072182527425095,Advantaged,0.53011550063809465,0.9637157725186472,8,0,14.111588942238917,2560,0.7572182527425095
0.5419962923317476,Disadvantaged,0.9908772202032567,0.7515151737378308,8,0,14.111588942238917,2560,0.3919962923317476
0.8642916273276469,Advantaged,0.5116097552479425,0.3997140328772829,13,5,14.111588942238917,2560,1
0.7723393326843369,Advantaged,0.4860211789621902,0.4404215479040268,12,4,14.111588942238917,2560,0.9223393326843369
0.6216591618388537,Advantaged,0.46642984047912023,0.30815046863509943,8,0,14.111588942238917,2560,0.7716591618388537
0.5584954569671843,Disadvantaged,0.48969767360822924,0.4173990288420363,8,1,13.284934873145755,1280,0.40849545696718426
0.599904415459457,Advantaged,0.5119029235439977,0.3436017206404358,7,0,13.284934873145755,1280,0.7499044154594571
0.6641603678391874,Advantaged,0.608625150521967,0.4686811254116526,8,1,13.284934873145755,1280,0.8141603678391874
0.697566992384947,Advantaged,0.6822592477216872,0.3733843852249229,7,0,13.284934873145755,1280,0.847566992384947
0.6850209638230441,Advantaged,0.5799927981188103,0.08582824194196853,10,3,13.284934873145755,1280,0.8350209638230441
0.7848305022671529,Advantaged,0.7620372368330923,0.898789975588298,9,2,13.284934873145755,1280,0.9348305022671529
0.690496398099395,Advantaged,0.20416754783381388,0.7656027316498056,7,0,13.284934873145755,1280,0.840496398099395
0.6757426945658875,Advantaged,0.5640013349122038,0.33791313913363535,7,0,13.284934873145755,1280,0.8257426945658876
0.8440594415235482,Advantaged,0.1280896485428701,0.7540744478589582,8,1,13.284934873145755,1280,0.9940594415235482
0.7621397676088055,Advantaged,0.829066099166935,0.47812348089542295,14,2,14.819000116288723,40960,0.9121397676088056
0.5019846855717867,Advantaged,0.5189425602800848,0.07518957407139613,11,0,14.672134338968696,20480,0.6519846855717867
0.7234430808678823,Advantaged,0.6099239348755936,0.5641132526479624,11,0,14.672134338968696,20480,0.8734430808678824
0.6999143243215995,Advantaged,0.6647990028297446,0.3713324830776998,11,1,14.599738127555884,10240,0.8499143243215995
0.5646722917453509,Advantaged,0.6898089721161799,0.4019624518302376,10,1,14.247810156376232,5120,0.714672291745351
0.47623662271506584,Advantaged,0.9395775815242652,0.9452763095623188,10,1,14.247810156376232,5120,0.6262366227150659
0.6144740677220178,Advantaged,0.5365337257838776,0.6722697022113838,9,0,14.247810156376232,5120,0.7644740677220179
0.7316314113997996,Disadvantaged,0.6001472060408777,0.16300150488887855,9,0,14.247810156376232,5120,0.5816314113997996
0.7163033433667948,Advantaged,0.6222239299434057,0.5729722221178091,9,0,14.247810156376232,5120,0.8663033433667948
0.7855460102470986,Advantaged,0.5607181779254895,0.8961395551103042,9,1,13.591268013328797,2560,0.9355460102470986
0.681583584908287,Advantaged,0.2708816032993389,0.5090623076435234,10,2,13.591268013328797,2560,0.831583584908287
0.6366719705686277,Advantaged,0.8489233527462281,0.5200814604087367,8,0,13.591268013328797,2560,0.7866719705686277
0.721606295320371,Advantaged,0.21863866154688286,0.679987070851482,9,1,13.591268013328797,2560,0.871606295320371
0.6596336846616301,Advantaged,0.7921534488371467,0.7526761508762225,11,3,13.591268013328797,2560,0.8096336846616301
0.6574299377336618,Advantaged,0.2844716978782964,0.786160049782788,8,0,13.591268013328797,2560,0.8074299377336618
0.6105802204688646,Advantaged,0.013805554149931861,0.6347957260498953,8,0,13.591268013328797,2560,0.7605802204688646
0.555230300214739,Advantaged,0.4920467888792764,0.6410289036100777,8,0,13.591268013328797,2560,0.705230300214739
0.5789941365488752,Advantaged,0.9210131638868717,0.23221652113846436,9,1,13.591268013328797,2560,0.7289941365488752
0.6966563084085733,Advantaged,0.14903427224689678,0.2015788977101575,8,0,13.591268013328797,2560,0.8466563084085733
0.6029762275264935,Advantaged,0.5340555284800128,0.7596209548768212,8,1,13.345091659153077,1280,0.7529762275264935
0.5943381377533185,Advantaged,0.43362234341124284,0.48049266908818217,14,1,14.819000116288723,81920,0.7443381377533185
0.5043896920850426,Advantaged,0.2910340419409806,0.317783920389753,11,0,14.745218991218332,20480,0.6543896920850426
0.6268727544325565,Advantaged,0.05624576302277694,0.8695364644686084,10,0,14.599738127555884,10240,0.7768727544325565
0.5014451526886091,Advantaged,0.20693837080396416,0.6534446553924858,11,1,14.599738127555884,10240,0.6514451526886091
0.5578640252674062,Advantaged,0.04778924181394798,0.9566485379644165,9,0,14.528022434825846,5120,0.7078640252674062
0.8159357294991799,Advantaged,0.20323104422947216,0.864266149318587,10,2,14.179381950260725,2560,0.9659357294991799
0.640696039427328,Advantaged,0.10458724859717364,0.3136845647834649,9,1,14.179381950260725,2560,0.790696039427328
0.5764514062005499,Advantaged,0.437814995147223,0.7919906661301314,8,0,14.179381950260725,2560,0.7264514062005499
0.6191221530591268,Advantaged,0.039817465563068415,0.9632286940682773,8,0,14.179381950260725,2560,0.7691221530591268
0.551825139271183,Advantaged,0.057768526688607325,0.09454607788070259,8,0,14.179381950260725,2560,0.7018251392711831
0.5382683547378336,Advantaged,0.5583631944615598,0.545879023150768,7,0,13.6542306741743,1280,0.6882683547378337
0.8546013105560333,Advantaged,0.18300015778183493,0.6288771246135958,7,0,13.6542306741743,1280,1
0.9279077662906648,Advantaged,0.05920947681468407,0.10020670358124027,7,0,13.6542306741743,1280,1
0.7115718652510499,Advantaged,0.04009763633169753,0.04548087633279759,7,0,13.6542306741743,1280,0.8615718652510499
0.4772022940034192,Advantaged,0.42338337307907087,0.4939183941022933,11,4,13.6542306741743,1280,0.6272022940034192
0.7389002049429186,Disadvantaged,0.7175148196868246,0.4663921007400017,8,1,13.6542306741743,1280,0.5889002049429186
0.807356282596703,Advantaged,0.3487576506336901,0.7479434748694523,7,0,13.6542306741743,1280,0.957356282596703
0.6745051869157883,Advantaged,0.214327223912873,0.6443480532709046,7,0,13.6542306741743,1280,0.8245051869157883
0.4934195699404994,Advantaged,0.554355835577992,0.7263797668436662,9,3,12.550185206977645,640,0.6434195699404994
0.619973082427904,Advantaged,0.8111402551117655,0.6299761253182049,6,0,12.550185206977645,640,0.7699730824279041
0.8239548551281586,Advantaged,0.2986080334579748,0.8906574393900584,15,1,14.819000116288723,163840,0.9739548551281586
0.7195922731986222,Advantaged,0.8698099669305358,0.3026443647141962,14,2,14.745218991218332,40960,0.8695922731986222
0.5735074253524228,Advantaged,0.26473770746891734,0.16361307906709724,11,1,14.599738127555884,10240,0.7235074253524229
0.6344997613655824,Advantaged,0.2618943184859754,0.17085881138438203,11,1,14.599738127555884,10240,0.7844997613655824
0.6273141119844564,Advantaged,0.7431195833516395,0.1670214906334877,9,0,14.247810156376232,5120,0.7773141119844564
0.7243275662307616,Advantaged,0.36195724587123007,0.7047189045766953,9,0,14.247810156376232,5120,0.8743275662307616
0.5948840611012937,Advantaged,0.005640748538429019,0.8107628127703657,9,0,14.247810156376232,5120,0.7448840611012937
0.7299613613329806,Advantaged,0.2437773551085306,0.16090855420571729,9,0,14.247810156376232,5120,0.8799613613329806
0.6145831529799453,Advantaged,0.5824728402255835,0.9927828859327018,9,0,14.247810156376232,5120,0.7645831529799453
0.68255686070081,Advantaged,0.26616909772166936,0.17282664856238672,9,1,13.97787981823327,2560,0.83255686070081
0.5719980759118538,Advantaged,0.6753669792267295,0.5811419263806435,8,0,13.97787981823327,2560,0.7219980759118538
0.8068147620711016,Advantaged,0.26643817062809394,0.9587391394802105,8,0,13.97787981823327,2560,0.9568147620711016
0.6769492891381691,Advantaged,0.40552711034244604,0.98293642755899,8,0,13.97787981823327,2560,0.8269492891381691
0.7219948230627561,Disadvantaged,0.2816734642673061,0.6118934236858411,8,1,13.284934873145755,1280,0.5719948230627561
0.5740119428802974,Advantaged,0.1983194483886589,0.28567018401137184,7,0,13.284934873145755,1280,0.7240119428802975
0.7245037552249806,Disadvantaged,0.18225718144818548,0.6762382183467219,8,1,13.284934873145755,1280,0.5745037552249805
0.46840369225328127,Advantaged,0.12053877319237079,0.7750582119046864,9,2,13.284934873145755,1280,0.6184036922532813
0.5500910999631748,Advantaged,0.7526789477016239,0.8917150379503749,8,1,13.284934873145755,1280,0.7000910999631749
0.6225607964694722,Disadvantaged,0.6599538062933128,0.45665352518637825,7,0,13.284934873145755,1280,0.47256079646947213
0.5464105472011835,Disadvantaged,0.07586666837390235,0.2107406930872865,7,0,13.284934873145755,1280,0.3964105472011835
0.538704542322231,Advantaged,0.9610235734671281,0.5467970708885522,12,0,14.819000116288723,40960,0.688704542322231
0.5155822287048378,Advantaged,0.1909628245835911,0.7616712026256345,13,3,14.528022434825846,10240,0.6655822287048379
0.8301997710550861,Advantaged,0.24473939389245244,0.564902789335911,10,0,14.528022434825846,10240,0.9801997710550862
0.5504407083294147,Disadvantaged,0.01502927395037899,0.36326583259882617,10,0,14.528022434825846,10240,0.4004407083294147
0.48557139184331566,Advantaged,0.5878940850568111,0.14342448869673768,10,0,14.528022434825846,10240,0.6355713918433157
0.7053247127894973,Advantaged,0.2814055077398001,0.5390793827561596,9,0,14.31688085879078,5120,0.8553247127894973
0.8785323360624226,Advantaged,0.034602274820532894,0.9444245490991506,9,0,14.31688085879078,5120,1
0.4651877436245754,Advantaged,0.08492608214566365,0.38983378853922274,9,0,14.31688085879078,5120,0.6151877436245754
0.5733533723711692,Advantaged,0.9604802634509104,0.5193668723254654,10,2,13.84662633994484,2560,0.7233533723711693
0.6100232337193073,Advantaged,0.6596471985746453,0.6052412128490651,8,0,13.84662633994484,2560,0.7600232337193074
0.7199803528466943,Advantaged,0.19481533113056193,0.7586256531646374,12,4,13.84662633994484,2560,0.8699803528466943
0.6990643722702968,Advantaged,0.8782912794505223,0.044217898859063264,13,5,13.84662633994484,2560,0.8490643722702969
0.4651145460559676,Advantaged,0.4747711572847074,0.8132092224350617,8,0,13.84662633994484,2560,0.6151145460559676
0.7565667615623358,Disadvantaged,0.9347508316338341,0.06339423183527826,8,0,13.84662633994484,2560,0.6065667615623358
0.4745882122617151,Advantaged,0.15763647433495456,0.37288893012918384,8,0,13.84662633994484,2560,0.6245882122617151
0.7789858448145227,Disadvantaged,0.11030061127251914,0.9063652927908509,10,3,13.049675420908185,1280,0.6289858448145227
0.6177283276902498,Advantaged,0.14742209315323157,0.4288644939012344,7,0,13.049675420908185,1280,0.7677283276902498
0.7009404754061374,Disadvantaged,0.6027675197872134,0.13917933672374644,7,0,13.049675420908185,1280,0.5509404754061373
0.7018859834095452,Advantaged,0.789127362358027,0.9909921682750186,9,2,13.049675420908185,1280,0.8518859834095452
0.7997558314597707,Advantaged,0.5917497809943906,0.1142185448161535,9,2,13.049675420908185,1280,0.9497558314597707
0.5280721177257957,Advantaged,0.9840149475627612,0.1831972192919614,13,1,14.745218991218332,40960,0.6780721177257957
0.7462497677693053,Advantaged,0.6936267805552175,0.6856347054789834,13,1,14.745218991218332,40960,0.8962497677693053
0.7327450279140251,Advantaged,0.5675216480783785,0.9885251313026309,14,3,14.672134338968696,20480,0.8827450279140251
0.6597775511502251,Advantaged,0.5531916190274708,0.9856007563249111,12,2,14.386601455674894,10240,0.8097775511502251
0.6273390474607667,Advantaged,0.10269851803395028,0.6333530164110609,10,0,14.386601455674894,10240,0.7773390474607668
0.7584186084630186,Advantaged,0.05472256022792736,0.32125159731570313,11,1,14.386601455674894,10240,0.9084186084630186
0.6512433209666217,Advantaged,0.3285716295714921,0.545847125325945,10,0,14.386601455674894,10240,0.8012433209666218
0.6191425273632719,Advantaged,0.27143830709641253,0.9413208584949856,9,0,14.179381950260725,5120,0.7691425273632719
0.5325036091366573,Advantaged,0.9937655554820242,0.15445741720437375,9,0,14.179381950260725,5120,0.6825036091366573
0.6582713270520022,Advantaged,0.1411327628629625,0.5054012267718286,9,0,14.179381950260725,5120,0.8082713270520022
0.7271889166257645,Advantaged,0.32736864219308454,0.6890019998162874,9,1,13.6542306741743,2560,0.8771889166257645
0.5836238149380286,Advantaged,0.992364310226241,0.665483040903088,9,1,13.6542306741743,2560,0.7336238149380286
0.6544360096995927,Advantaged,0.6223879901585702,0.9647670520008519,9,1,13.6542306741743,2560,0.8044360096995927
0.679018836323487,Advantaged,0.6822451725416813,0.6255244981075883,8,0,13.6542306741743,2560,0.829018836323487
0.643978053632813,Advantaged,0.26228001645293586,0.9481277732173936,8,0,13.6542306741743,2560,0.793978053632813
0.6841054273792433,Advantaged,0.23731478484722773,0.7526923785952212,9,1,13.6542306741743,2560,0.8341054273792433
0.5140857754049206,Advantaged,0.9839004842617749,0.6518231971914514,8,0,13.6542306741743,2560,0.6640857754049206
0.620436758077356,Advantaged,0.31499475773206137,0.22902186582240264,8,0,13.6542306741743,2560,0.770436758077356
0.6525827274757077,Advantaged,0.9000921431947407,0.7925308907175187,7,0,12.767245020786307,1280,0.8025827274757077
0.6694589797432718,Disadvantaged,0.3358921097158292,0.5452495064604935,7,0,12.767245020786307,1280,0.5194589797432718
0.5704679891698002,Advantaged,0.006220206364627872,0.7584692865820944,13,1,14.819000116288723,40960,0.7204679891698003
0.6170188201650056,Advantaged,0.018330170827412708,0.7514122232241065,9,0,14.599738127555884,5120,0.7670188201650057
0.6677544361884604,Advantaged,0.7498110080640578,0.150733062336036,10,1,14.599738127555884,5120,0.8177544361884604
0.5083457099201409,Advantaged,0.05625295021631454,0.8512680336209801,9,0,14.599738127555884,5120,0.658345709920141
0.6552039502802857,Advantaged,0.16678975775504293,0.03491988911789226,8,0,14.31688085879078,2560,0.8052039502802857
0.5912201796983381,Advantaged,0.9432659363420449,0.09873706991645272,8,0,14.31688085879078,2560,0.7412201796983381
0.602577671266296,Advantaged,0.18213221777707747,0.023923660962105686,8,0,14.31688085879078,2560,0.752577671266296
0.5881282059207952,Advantaged,0.13909530494853262,0.2081649953103277,8,0,14.31688085879078,2560,0.7381282059207952
0.6966225136870294,Disadvantaged,0.7995994548760448,0.7343605160794281,7,0,13.6542306741743,1280,0.5466225136870294
0.6110378242242898,Advantaged,0.982304062177682,0.09236993910327777,7,0,13.6542306741743,1280,0.7610378242242898
0.5705758138014285,Advantaged,0.31479567599793273,0.26879710648371025,7,0,13.6542306741743,1280,0.7205758138014285
0.6202034827300221,Advantaged,0.435792171639571,0.02344693120369753,12,5,13.6542306741743,1280,0.7702034827300221
0.6535775692276171,Advantaged,0.6397522813258276,0.4725610702611339,8,1,13.6542306741743,1280,0.8035775692276171
0.688464673035791,Advantaged,0.6821725482088676,0.7769271904215754,7,0,13.6542306741743,1280,0.838464673035791
0.6477146101788098,Advantaged,0.043942237403753456,0.7644507918096801,7,0,13.6542306741743,1280,0.7977146101788098
0.41944836605465624,Advantaged,0.7179559373496035,0.7970417245066451,7,0,13.6542306741743,1280,0.5694483660546562
0.5807180815064404,Advantaged,0.4831558823972403,0.3243634667842932,9,2,13.6542306741743,1280,0.7307180815064405
0.6700248784499359,Advantaged,0.5522202988310406,0.9840618592202757,8,1,13.6542306741743,1280,0.8200248784499359
0.6942477964957607,Disadvantaged,0.6293717265773139,0.785890313918327,8,2,12.93518462079269,640,0.5442477964957607
0.599307005957654,Advantaged,0.5039732140090446,0.29959242863450847,6,0,12.93518462079269,640,0.749307005957654
0.6619028250269116,Advantaged,0.12343367558222877,0.48549107393592744,13,0,14.819000116288723,81920,0.8119028250269116
0.5629835340040438,Advantaged,0.38089237000274273,0.2608364504548855,11,1,14.599738127555884,10240,0.7129835340040438
0.7614936432479835,Advantaged,0.40981988994918983,0.956379799533691,10,0,14.599738127555884,10240,0.9114936432479835
0.7934930527881556,Advantaged,0.10588570654308842,0.4774542491922424,10,0,14.599738127555884,10240,0.9434930527881557
0.703264628369775,Advantaged,0.7163977619047411,0.09517778307014141,13,4,14.528022434825846,5120,0.853264628369775
0.7096554849931456,Advantaged,0.5605643877970398,0.18194236512879716,8,0,14.044423932524928,2560,0.8596554849931456
0.7765976445467717,Advantaged,0.5338493582123047,0.22898678045108248,8,0,14.044423932524928,2560,0.9265976445467717
0.7236059906278326,Advantaged,0.5220555069402268,0.04781004408170557,8,0,14.044423932524928,2560,0.8736059906278326
0.557153458615485,Advantaged,0.11045177169816005,0.475607645048051,8,0,14.044423932524928,2560,0.7071534586154851
0.7987986244128163,Advantaged,0.005238813862426957,0.10623717618948637,9,1,14.044423932524928,2560,0.9487986244128164
0.640938057942473,Advantaged,0.8555961194313804,0.5637512828619566,8,0,14.044423932524928,2560,0.7909380579424731
0.667673126277093,Disadvantaged,0.33967119342976465,0.4546361964390571,8,0,14.044423932524928,2560,0.5176731262770929
0.6417448977814797,Advantaged,0.9654753537389881,0.903674473365148,7,0,13.6542306741743,1280,0.7917448977814797
0.8112652015260813,Advantaged,0.30225540197857503,0.3727433216313262,7,0,13.6542306741743,1280,0.9612652015260813
0.5750940694482103,Advantaged,0.42981961196571106,0.28698060839594486,7,0,13.6542306741743,1280,0.7250940694482103
0.6665226593643764,Advantaged,0.6471665983855149,0.9323957382147641,8,1,13.6542306741743,1280,0.8165226593643764
0.6523167828759169,Disadvantaged,0.25428050246196265,0.8573457290805339,7,0,13.6542306741743,1280,0.5023167828759169
0.8038124882252732,Advantaged,0.4629746129184924,0.22885541172017027,7,0,13.6542306741743,1280,0.9538124882252732
0.7932579224638194,Disadvantaged,0.013829460748661291,0.09796539114195095,6,0,12.49711025876699,640,0.6432579224638194
0.653030466131507,Disadvantaged,0.13836014303679936,0.22763768620372044,6,0,12.49711025876699,640,0.5030304661315069
0.561887069408408,Advantaged,0.17836579158253488,0.9117552621848418,14,1,14.819000116288723,81920,0.7118870694084081
0.8550779145087146,Advantaged,0.1400871595555444,0.1236573121202322,11,0,14.745218991218332,20480,1
0.8996382560918162,Disadvantaged,0.4153513089088788,0.6762663122308232,10,0,14.386601455674894,10240,0.7496382560918162
0.5432594144897304,Advantaged,0.7813163370644646,0.8490539792223153,10,0,14.386601455674894,10240,0.6932594144897304
0.673486526109262,Advantaged,0.19548627301652116,0.342274422636858,13,3,14.386601455674894,10240,0.823486526109262
0.5884907369230421,Advantaged,0.6333775758252141,0.7820016570257218,12,2,14.386601455674894,10240,0.7384907369230421
0.7823752526420427,Disadvantaged,0.3346511841258173,0.12156439393953379,11,1,14.386601455674894,10240,0.6323752526420426
0.6784012268770064,Advantaged,0.25439839465752134,0.03847411779723876,10,1,14.111588942238917,5120,0.8284012268770065
0.624781897103013,Advantaged,0.07940499989121264,0.12284512928367329,9,0,14.111588942238917,5120,0.774781897103013
0.6259223885236449,Advantaged,0.8676694633001323,0.3582900605298838,9,0,14.111588942238917,5120,0.7759223885236449
0.48818398082098247,Advantaged,0.3415774617225988,0.16489905099597627,9,0,14.111588942238917,5120,0.6381839808209825
0.6375732911057782,Advantaged,0.9850596352688857,0.4493672729015758,8,0,13.528879118687582,2560,0.7875732911057782
0.5719482068437767,Advantaged,0.9003738261346904,0.2798220469924478,8,0,13.528879118687582,2560,0.7219482068437767
0.5834138818365682,Advantaged,0.8519265680951507,0.1393166545579275,9,1,13.528879118687582,2560,0.7334138818365682
0.7275702403333204,Disadvantaged,0.12986940710772923,0.966194971174984,12,4,13.528879118687582,2560,0.5775702403333204
0.6910448831985277,Advantaged,0.543195631575136,0.40454337305264243,9,1,13.528879118687582,2560,0.8410448831985278
0.5125772659045765,Advantaged,0.917506105040631,0.9119339005613876,10,2,13.528879118687582,2560,0.6625772659045766
0.7271027299377861,Advantaged,0.4239190387926458,0.27858245492546785,8,0,13.528879118687582,2560,0.8771027299377862
0.6399526317042026,Advantaged,0.9859403277647715,0.45785246404879426,8,0,13.528879118687582,2560,0.7899526317042026
0.621408584014462,Advantaged,0.5979486781378642,0.4592009038671351,8,0,13.528879118687582,2560,0.771408584014462
0.7394749756771537,Advantaged,0.4637352390115182,0.27102064030634154,14,0,14.819000116288723,163840,0.8894749756771537
0.5010347148498212,Advantaged,0.1417920066284674,0.8833830816235708,13,1,14.672134338968696,40960,0.6510347148498212
0.6355379581483397,Advantaged,0.852856736946434,0.6640254094066164,13,1,14.672134338968696,40960,0.7855379581483397
0.5603454688358113,Advantaged,0.4679075937662552,0.7619937056622269,11,0,14.599738127555884,20480,0.7103454688358113
0.6958849237054231,Disadvantaged,0.1797132187532215,0.7775253470760043,12,2,14.386601455674894,10240,0.5458849237054231
0.6060510237565506,Advantaged,0.47751338085372796,0.42468283030283244,11,1,14.386601455674894,10240,0.7560510237565506
0.5342485520759647,Advantaged,0.5008434458260439,0.5981319823466816,12,2,14.386601455674894,10240,0.6842485520759647
0.7882342823587649,Advantaged,0.03595982938981731,0.42648683086417577,10,1,14.179381950260725,5120,0.9382342823587649
0.6485348907492097,Advantaged,0.19853316107185662,0.6995871485783186,10,1,14.179381950260725,5120,0.7985348907492097
0.4758455315321286,Advantaged,0.6167798713799474,0.32015994908311285,11,2,14.179381950260725,5120,0.6258455315321286
0.6989689476894192,Advantaged,0.7746677376892862,0.5023071573576914,11,3,13.781903241370497,2560,0.8489689476894192
0.5702486558717452,Advantaged,0.7594000388641114,0.4270371704024091,9,1,13.781903241370497,2560,0.7202486558717452
0.668930285701475,Advantaged,0.05769331345394884,0.7599011662159004,8,0,13.781903241370497,2560,0.818930285701475
0.5783346284451671,Disadvantaged,0.6119764515729297,0.4668883119214011,8,0,13.781903241370497,2560,0.4283346284451671
0.7666032156110021,Advantaged,0.2043620792231453,0.2883178095080755,10,2,13.781903241370497,2560,0.9166032156110021
0.7802193894462741,Advantaged,0.5527517555909351,0.436554768165592,8,0,13.781903241370497,2560,0.9302193894462741
0.7328964134565337,Advantaged,0.2976895251533767,0.4384784149029176,10,3,13.22532078750519,1280,0.8828964134565337
0.734917783707296,Advantaged,0.31061332685113024,0.8577936434462685,7,0,13.22532078750519,1280,0.884917783707296
0.893875201403878,Advantaged,0.1691763001883319,0.47893739466101337,8,1,13.22532078750519,1280,1
0.5853555752912707,Disadvantaged,0.8541011783347664,0.9588214827409542,7,0,13.22532078750519,1280,0.43535557529127067
0.6532092236829689,Advantaged,0.1515772015479537,0.8141898671501033,12,0,14.819000116288723,40960,0.8032092236829689
0.6448325486766799,Disadvantaged,0.6358979663971478,0.2763261005307886,14,3,14.599738127555884,20480,0.4948325486766799
0.6414738224824911,Advantaged,0.5875192429124383,0.7993804046430102,11,0,14.599738127555884,20480,0.7914738224824911
0.6059193352470624,Advantaged,0.8412559327845512,0.7539350503281834,11,0,14.599738127555884,20480,0.7559193352470625
0.5440493695462734,Advantaged,0.6095643940147717,0.2654950491995991,10,0,14.456979446737355,10240,0.6940493695462734
0.7167291305878052,Advantaged,0.5962844109660783,0.09042811127198833,12,2,14.456979446737355,10240,0.8667291305878052
0.5030538585128672,Advantaged,0.5053556193620782,0.6891073882452384,9,0,14.386601455674894,5120,0.6530538585128672
0.6290734000581403,Advantaged,0.8373462281268628,0.1304385584260138,9,1,14.111588942238917,2560,0.7790734000581403
0.6568006392482981,Advantaged,0.6420572481097292,0.2908214140562943,10,2,14.111588942238917,2560,0.8068006392482981
0.6869873052881623,Advantaged,0.34615096072110335,0.8773673635198554,8,0,14.111588942238917,2560,0.8369873052881623
0.6981257780256842,Advantaged,0.6857314166724126,0.43652949369725635,11,3,14.111588942238917,2560,0.8481257780256842
0.7288933832394505,Disadvantaged,0.02522968253079079,0.7556996108797281,7,0,13.467057610920294,1280,0.5788933832394505
0.7385465257230797,Advantaged,0.25966312952654724,0.41291514950670044,7,0,13.467057610920294,1280,0.8885465257230797
0.5669516601574285,Advantaged,0.7753899216672767,0.7185793113049157,8,1,13.467057610920294,1280,0.7169516601574285
0.8369396209771685,Advantaged,0.6188621914526216,0.27433470736572807,8,1,13.467057610920294,1280,0.9869396209771685
0.5993273416465573,Disadvantaged,0.255288821064742,0.42262509246518953,7,0,13.467057610920294,1280,0.4493273416465573
0.653991543707808,Advantaged,0.6258968281112519,0.1866388126457138,8,1,13.467057610920294,1280,0.803991543707808
0.7515627215306336,Advantaged,0.550865388717456,0.35578872977098014,8,1,13.467057610920294,1280,0.9015627215306337
0.56764284571121,Advantaged,0.558169592965385,0.4561299333309486,9,2,13.467057610920294,1280,0.7176428457112101
0.7482204125928673,Advantaged,0.994896599926768,0.9854346802655088,8,1,13.467057610920294,1280,0.8982204125928673
0.7954426160172481,Advantaged,0.6435984985309825,0.8138480198463026,11,1,14.819000116288723,10240,0.9454426160172481
0.5995064575045426,Disadvantaged,0.4031459642400437,0.8420648686020213,10,1,14.745218991218332,5120,0.44950645750454254
0.5522551573394018,Advantaged,0.5880598022060386,0.6923631703207705,9,1,14.456979446737355,2560,0.7022551573394018
0.4109065714073433,Advantaged,0.5564154712367451,0.022685853764414787,14,6,14.456979446737355,2560,0.5609065714073433
0.4860743416191939,Advantaged,0.8535287461118467,0.9840123044901449,10,2,14.456979446737355,2560,0.6360743416191939
0.5615105631277814,Advantaged,0.7838977073279872,0.6990763288077004,8,0,14.456979446737355,2560,0.7115105631277814
0.5768322544455988,Advantaged,0.5980773058277439,0.5888989330419984,7,0,13.528879118687582,1280,0.7268322544455988
0.7016794749769748,Advantaged,0.3151299972527322,0.3114326258829392,11,4,13.528879118687582,1280,0.8516794749769748
0.520499886187592,Advantaged,0.31320328629385696,0.3123121524394133,10,3,13.528879118687582,1280,0.670499886187592
0.7286198412727929,Advantaged,0.4341515090932782,0.6841426985940678,7,0,13.528879118687582,1280,0.8786198412727929
0.7457924858375122,Advantaged,0.7186940023536558,0.6907179661892096,7,0,13.528879118687582,1280,0.8957924858375123
0.7456306371789654,Advantaged,0.32593511599834213,0.9866626622683522,7,0,13.528879118687582,1280,0.8956306371789654
0.8422203906507864,Advantaged,0.8581642390631918,0.17248061789195077,7,0,13.528879118687582,1280,0.9922203906507864
0.5157265790924164,Advantaged,0.2858958163389019,0.7384526508371462,7,0,13.528879118687582,1280,0.6657265790924164
0.5273368784347642,Advantaged,0.9886066488625102,0.8367181408534113,7,0,13.528879118687582,1280,0.6773368784347642
0.6858860057953252,Advantaged,0.3478979457387543,0.6097344425205716,8,1,13.528879118687582,1280,0.8358860057953252
0.8019738494117234,Advantaged,0.6611299007651465,0.49202717468026674,8,1,13.528879118687582,1280,0.9519738494117235
0.6835796520719443,Advantaged,0.5416116879011194,0.61870123211072,9,2,13.528879118687582,1280,0.8335796520719443
0.5351905432873592,Advantaged,0.4480830330542979,0.3016653027077349,12,5,13.528879118687582,1280,0.6851905432873592
0.5645654778144302,Advantaged,0.5886202767498291,0.6830318169714651,7,0,13.528879118687582,1280,0.71456547781443025
0.7581832133275963,Advantaged,0.4615189152033026,0.030484871587841147,19,0,14.819000116288723,5242880,0.9081832133275963
0.8150816540477981,Advantaged,0.684347287536279,0.6708421696090969,17,1,14.672134338968696,655360,0.9650816540477981
0.5780285194365696,Advantaged,0.46192522341992465,0.027993976655161353,16,0,14.672134338968696,655360,0.7280285194365697
0.7439484031278912,Advantaged,0.4745225178237671,0.0401006071951092,15,0,14.599738127555884,327680,0.8939484031278913
0.6412371917776749,Advantaged,0.45300571638418924,0.05602283485405221,13,0,14.528022434825846,81920,0.7912371917776749
0.6275453431120881,Advantaged,0.8978640230671405,0.5939990768223,11,0,14.31688085879078,20480,0.7775453431120881
0.7095361729684082,Disadvantaged,0.017376339952669927,0.16356563838013444,11,0,14.31688085879078,20480,0.5595361729684082
0.5719122162425525,Advantaged,0.005918651050077149,0.8407383877702929,11,0,14.31688085879078,20480,0.7219122162425525
0.6338734966823327,Advantaged,0.30342863116237284,0.4812741527723065,10,0,14.247810156376232,10240,0.7838734966823327
0.6101079438760253,Advantaged,0.46290277556020454,0.2162874654266724,13,4,13.84662633994484,5120,0.7601079438760253
0.5489710998040146,Advantaged,0.385505692816724,0.672747567481366,9,0,13.84662633994484,5120,0.6989710998040146
0.6858349902184654,Advantaged,0.6279186048551894,0.8909387906204761,9,0,13.84662633994484,5120,0.8358349902184654
0.7975687297496921,Advantaged,0.579135360328286,0.8939770127354718,9,0,13.84662633994484,5120,0.9475687297496921
0.6495320161742015,Advantaged,0.685833671034096,0.8318989555078063,9,0,13.84662633994484,5120,0.7995320161742016
0.6036893376258571,Advantaged,0.800252897297704,0.37751161503554576,12,3,13.84662633994484,5120,0.7536893376258571
0.6951330802822918,Advantaged,0.9722096240738712,0.8937827754819033,10,2,13.781903241370497,2560,0.8451330802822918
0.7009178914883587,Advantaged,0.5094316116909483,0.3285667143231582,10,3,13.40579719504566,1280,0.8509178914883587
0.5499326771573245,Advantaged,0.2592543193118285,0.16637342149132298,7,0,13.40579719504566,1280,0.6999326771573245
0.6071194478174096,Advantaged,0.7645405110548625,0.786816375242055,10,3,13.40579719504566,1280,0.7571194478174096
0.6141186724076766,Advantaged,0.5906460692767814,0.5873241776528662,7,0,13.40579719504566,1280,0.7641186724076766
0.6296336356368798,Advantaged,0.40787273171399513,0.6947578588855078,15,2,14.819000116288723,81920,0.7796336356368798
0.7218513309045832,Advantaged,0.8580291523732505,0.452311920887091,14,2,14.745218991218332,40960,0.8718513309045832
0.699210953304811,Advantaged,0.8623710296010201,0.706494203388728,12,1,14.672134338968696,20480,0.849210953304811
0.673502249837837,Advantaged,0.388777247807289,0.26066157314347205,11,1,14.528022434825846,10240,0.823502249837837
0.6709959170207442,Advantaged,0.3375989770127544,0.021216938381004545,10,0,14.528022434825846,10240,0.8209959170207443
0.5785848111576332,Disadvantaged,0.9830770933773573,0.012185303841842646,10,1,14.044423932524928,5120,0.42858481115763314
0.6015471106266361,Advantaged,0.25711003363952595,0.8687720913717996,11,2,14.044423932524928,5120,0.75154711062663615
0.5587818391803594,Advantaged,0.10513925083231794,0.28031598323196244,12,3,14.044423932524928,5120,0.7087818391803594
0.6175235968997522,Disadvantaged,0.5718708964497945,0.005125602252030773,9,0,14.044423932524928,5120,0.4675235968997522
0.6574866914609633,Advantaged,0.5983061010367816,0.01186725179854762,11,2,14.044423932524928,5120,0.8074866914609633
0.4289029071248754,Advantaged,0.15115770447735133,0.11859436913750214,9,0,14.044423932524928,5120,0.5789029071248754
0.6905797546286581,Advantaged,0.2867244380452109,0.43054588272500394,10,1,14.044423932524928,5120,0.8405797546286581
0.5722474513657413,Advantaged,0.4181537381037421,0.6822293657411019,11,3,13.781903241370497,2560,0.7222474513657413
0.5487548842342065,Advantaged,0.121265010988173,0.10297916273920062,8,0,13.781903241370497,2560,0.6987548842342065
0.7016298802765067,Advantaged,0.8235585319436624,0.9929366781357769,8,0,13.781903241370497,2560,0.8516298802765068
0.6917244261680657,Advantaged,0.16536075262982974,0.41158838375976575,9,1,13.781903241370497,2560,0.8417244261680658
0.49199324380967446,Advantaged,0.9798734452522161,0.720927124633338,7,0,12.878704059345738,1280,0.6419932438096745
0.5203555893988869,Advantaged,0.6020743561287721,0.4804957482931366,9,2,12.878704059345738,1280,0.670355589398887
0.4479618246994653,Advantaged,0.7038450329877269,0.7129190551181931,7,0,12.878704059345738,1280,0.5979618246994653
0.5790962486586438,Advantaged,0.19021940865989462,0.410759493274225,13,6,12.878704059345738,1280,0.7290962486586439
0.7812855292678912,Advantaged,0.9946724124604939,0.4480587772269784,14,3,14.745218991218332,20480,0.9312855292678912
0.521987690813866,Advantaged,0.6684776991142414,0.3694832607563956,12,1,14.745218991218332,20480,0.671987690813866
0.5630417405748547,Advantaged,0.969804986067283,0.42396228366522165,11,1,14.672134338968696,10240,0.7130417405748547
0.5863561735622058,Advantaged,0.07531588002506515,0.1585577285213776,12,3,14.528022434825846,5120,0.7363561735622058
0.702279540672921,Advantaged,0.8489809697007399,0.9331409858020755,10,1,14.528022434825846,5120,0.852279540672921
0.6888832744382238,Advantaged,0.7275074964982287,0.9216101214078843,8,0,14.179381950260725,2560,0.8388832744382239
0.6550715356042937,Advantaged,0.5915707834771561,0.6675262275494783,10,2,14.179381950260725,2560,0.8050715356042937
0.5678440670379904,Advantaged,0.4737996388463053,0.061483559112958795,8,0,14.179381950260725,2560,0.7178440670379904
0.6177076578261376,Advantaged,0.08302576018993127,0.13052960427881066,11,3,14.179381950260725,2560,0.7677076578261376
0.6496756516039619,Advantaged,0.7932396004652947,0.03386272138809387,9,1,14.179381950260725,2560,0.7996756516039619
0.7582034614173254,Advantaged,0.7843933599741564,0.027907972141813064,9,2,13.345091659153077,1280,0.9082034614173254
0.6461810577896722,Advantaged,0.9875547036561022,0.20709178542523687,10,3,13.345091659153077,1280,0.7961810577896722
0.643630732883563,Advantaged,0.6744949999265373,0.3761928389011071,7,0,13.345091659153077,1280,0.793630732883563
0.7146424925386242,Advantaged,0.5058132849276918,0.7310795353746403,7,0,13.345091659153077,1280,0.8646424925386242
0.5579263221166819,Disadvantaged,0.7826416770827989,0.15534163402759504,7,0,13.345091659153077,1280,0.4079263221166819
0.6134835148800413,Advantaged,0.5069476337894908,0.710469917551758,8,1,13.345091659153077,1280,0.7634835148800413
0.46393799097362254,Advantaged,0.4919406819384341,0.35934009615897167,7,0,13.345091659153077,1280,0.6139379909736226
0.6157465276019748,Advantaged,0.9939979967297476,0.20576104262162612,9,2,13.345091659153077,1280,0.7657465276019748
0.5400544169460049,Advantaged,0.33706274700110117,0.992918438952305,8,1,13.345091659153077,1280,0.6900544169460049
0.6192431259925998,Advantaged,0.9554956451797423,0.5324804222486932,8,1,13.345091659153077,1280,0.7692431259925998
0.757804297455767,Advantaged,0.1430262466232334,0.24108812899504842,16,1,14.819000116288723,327680,0.9078042974557671
0.6386604032337904,Advantaged,0.552771264445083,0.72505412393004,12,0,14.745218991218332,40960,0.7886604032337904
0.6946856974620401,Advantaged,0.32644999419705045,0.30260016436141857,11,1,14.599738127555884,10240,0.8446856974620401
0.549380353428218,Advantaged,0.9341253256552682,0.14415939704315803,11,1,14.599738127555884,10240,0.699380353428218
0.5706552410976233,Advantaged,0.9573825795784945,0.5278169997696723,9,0,14.044423932524928,5120,0.7206552410976234
0.7305439066806747,Advantaged,0.4694802201288145,0.10897324457579288,13,4,14.044423932524928,5120,0.8805439066806747
0.5507259874071947,Advantaged,0.15597462410162857,0.5363673489038087,9,0,14.044423932524928,5120,0.7007259874071947
0.6109741531239089,Advantaged,0.5468928448123792,0.7437956055339,9,0,14.044423932524928,5120,0.7609741531239089
0.7282321466051005,Advantaged,0.9557567902514016,0.09686618666303581,9,0,14.044423932524928,5120,0.8782321466051005
0.7614767487207832,Advantaged,0.47310179368064587,0.36295924424332804,9,0,14.044423932524928,5120,0.9114767487207832
0.8178385336756735,Advantaged,0.6147406179925881,0.2876832072196797,10,1,14.044423932524928,5120,0.9678385336756735
0.5898183416089648,Advantaged,0.038256599329208114,0.6435527724065628,10,1,14.044423932524928,5120,0.7398183416089649
0.8396941044427705,Advantaged,0.4664280749730006,0.0680682526528372,10,2,13.591268013328797,2560,0.9896941044427705
0.6282691251826276,Advantaged,0.3456108698317901,0.525023984071794,11,3,13.591268013328797,2560,0.7782691251826276
0.8047638664192135,Advantaged,0.8373207966785471,0.1971887702305352,9,1,13.591268013328797,2560,0.9547638664192135
0.5524128439086451,Advantaged,0.9024869590031622,0.746809339463544,11,3,13.591268013328797,2560,0.7024128439086451
0.5511934878031521,Disadvantaged,0.3986790447359191,0.9237036204836633,8,0,13.591268013328797,2560,0.4011934878031521
0.6774716183298476,Advantaged,0.04196682161957359,0.08009220384274476,8,0,13.591268013328797,2560,0.8274716183298476
0.8734559177675911,Advantaged,0.6615675289081919,0.9038629835003533,8,0,13.591268013328797,2560,1
0.670531532377542,Disadvantaged,0.7085762311697507,0.9179202355166425,7,0,13.049675420908185,1280,0.520531532377542
0.7928311423320954,Advantaged,0.7540353598439167,0.5477607808984001,23,3,14.819000116288723,10485760,0.9428311423320954
0.5363034787752208,Advantaged,0.7502690253939146,0.5471129134559161,16,1,14.745218991218332,327680,0.6863034787752208
0.8365840233610756,Advantaged,0.6071123948485234,0.6419401763132148,14,2,14.672134338968696,40960,0.9865840233610756
0.6588621931844302,Advantaged,0.4028856672290991,0.47686545900995864,11,0,14.599738127555884,20480,0.8088621931844302
0.6431891469671842,Advantaged,0.07480514554459769,0.8846827168040793,17,7,14.456979446737355,10240,0.7931891469671842
0.7256884223522554,Advantaged,0.18747594677009136,0.8366249807269327,10,0,14.456979446737355,10240,0.8756884223522554
0.6956069923631656,Advantaged,0.4380711924680856,0.17466897575129103,12,3,14.247810156376232,5120,0.8456069923631656
0.6786242477309308,Advantaged,0.5061834315034973,0.6496236962891782,9,0,14.247810156376232,5120,0.8286242477309308
0.4893522157190655,Advantaged,0.558339323823002,0.5089714512731695,9,0,14.247810156376232,5120,0.6393522157190655
0.6628794427568835,Advantaged,0.06272779027259542,0.7739055948146615,8,0,13.717773566204011,2560,0.8128794427568835
0.5475363288430573,Advantaged,0.15741950449005548,0.978018241786208,9,1,13.717773566204011,2560,0.6975363288430573
0.5412906140655935,Advantaged,0.44988536907461896,0.6506977874289883,8,0,13.717773566204011,2560,0.6912906140655936
0.8149198074095054,Advantaged,0.6290244946988365,0.978528665994938,9,1,13.717773566204011,2560,0.9649198074095054
0.6962769300528441,Advantaged,0.38532881303088024,0.7369038204266343,9,1,13.717773566204011,2560,0.8462769300528441
0.5678260541714192,Disadvantaged,0.991970295317017,0.7483972505126519,8,0,13.717773566204011,2560,0.41782605417141916
0.5546859876302942,Advantaged,0.39635313945053263,0.49382595755901204,9,1,13.717773566204011,2560,0.7046859876302942
0.5773011417963527,Advantaged,0.41339799364685864,0.7493032843259103,8,0,13.717773566204011,2560,0.7273011417963527
0.6652889646774056,Advantaged,0.3898121338309859,0.7388409849613052,8,1,13.284934873145755,1280,0.8152889646774056
0.4353766526074123,Advantaged,0.26651593680442565,0.9487174411966878,8,1,13.284934873145755,1280,0.5853766526074123
0.6697441300526146,Advantaged,0.06189373996345076,0.5906693555625498,9,2,13.284934873145755,1280,0.8197441300526146
0.8169457920741099,Disadvantaged,0.3870410757366364,0.2740293734669871,10,0,14.745218991218332,10240,0.6669457920741099
0.752091873668344,Advantaged,0.3847316685630778,0.28890580395630455,11,1,14.745218991218332,10240,0.902091873668344
0.6933922576075191,Advantaged,0.17701317854017132,0.3448192852581689,13,4,14.599738127555884,5120,0.8433922576075191
0.7048576796638815,Advantaged,0.8791243228748608,0.43362559803729106,10,1,14.599738127555884,5120,0.8548576796638815
0.6235796773747493,Advantaged,0.8919781255628451,0.7830892251619134,10,2,13.97787981823327,2560,0.7735796773747493
0.5044328347020939,Advantaged,0.018033326295348096,0.9391004718789154,10,2,13.97787981823327,2560,0.6544328347020939
0.7175271784852021,Advantaged,0.9553904713592516,0.8938084667194078,11,3,13.97787981823327,2560,0.8675271784852021
0.5548046380719909,Advantaged,0.20395698212666336,0.80514569334519,8,0,13.97787981823327,2560,0.7048046380719909
0.6624681784397952,Advantaged,0.7621132043092999,0.5010080251585581,11,3,13.97787981823327,2560,0.8124681784397952
0.6584203203597307,Advantaged,0.9074452385232223,0.22863321842982515,10,2,13.97787981823327,2560,0.8084203203597308
0.723995210358874,Advantaged,0.8964999647780938,0.7281776650099835,8,0,13.97787981823327,2560,0.8739952103588741
0.714601752217381,Advantaged,0.48249202259047075,0.21655615844615547,10,2,13.97787981823327,2560,0.864601752217381
0.4817100433382207,Advantaged,0.5930355694341886,0.659245719163637,9,1,13.97787981823327,2560,0.6317100433382207
0.7538610273242485,Advantaged,0.10526360848232807,0.18528058912503112,10,3,13.6542306741743,1280,0.9038610273242486
0.6835428922232217,Advantaged,0.520112064358922,0.6500705731117551,9,2,13.6542306741743,1280,0.8335428922232218
0.795032071984646,Disadvantaged,0.5440788258386043,0.9499950484669216,7,0,13.6542306741743,1280,0.645032071984646
0.7311704592638563,Advantaged,0.9861899764156572,0.40447021139187933,10,3,13.6542306741743,1280,0.8811704592638563
0.7801081345005239,Advantaged,0.4529775434338131,0.5574000051826591,9,2,13.6542306741743,1280,0.9301081345005239
0.6966352627783667,Advantaged,0.6185425608499967,0.5884195203320656,7,1,12.878704059345738,640,0.8466352627783668
0.6219771204399045,Advantaged,0.25536008052463033,0.306668762725764,8,2,12.878704059345738,640,0.7719771204399045
0.8504952347512305,Disadvantaged,0.3252681244294442,0.0973518942471186,11,0,14.819000116288723,20480,0.7004952347512304
0.7471071993777052,Advantaged,0.043886632374742655,0.24734234095050664,11,1,14.745218991218332,10240,0.8971071993777052
0.6504805946803136,Advantaged,0.36283722976732313,0.42805425752422294,11,2,14.247810156376232,5120,0.8004805946803136
0.844616104623438,Advantaged,0.2515973499292665,0.9079045861489163,10,1,14.247810156376232,5120,0.994616104623438
0.7506969111419625,Disadvantaged,0.7925998496484772,0.058398334056935945,11,2,14.247810156376232,5120,0.6006969111419624
0.7362133005442135,Advantaged,0.5068070959063498,0.013599145761343526,9,0,14.247810156376232,5120,0.8862133005442135
0.4933159029602657,Advantaged,0.3874352893488602,0.1564462687229432,9,0,14.247810156376232,5120,0.6433159029602656
0.6460583646612175,Advantaged,0.14431071467929293,0.644132761797863,9,0,14.247810156376232,5120,0.7960583646612175
0.5593276549870901,Advantaged,0.31769288398802686,0.3106983887930563,9,0,14.247810156376232,5120,0.7093276549870902
0.7023389792746368,Advantaged,0.15561942865872821,0.9578431486974549,10,2,13.911949591885861,2560,0.8523389792746369
0.6384366949146192,Advantaged,0.6183206031448787,0.9108529776805058,8,0,13.911949591885861,2560,0.7884366949146192
0.5560875320778531,Disadvantaged,0.3385549772540061,0.09307784389644232,9,1,13.911949591885861,2560,0.4060875320778531
0.5520494763406637,Advantaged,0.8037470969248711,0.7265427270464007,9,1,13.911949591885861,2560,0.7020494763406637
0.6956490460245768,Advantaged,0.04041625520872388,0.5119952877059079,8,0,13.911949591885861,2560,0.8456490460245768
0.7123534715037138,Advantaged,0.31811016282316906,0.09517588524903121,7,0,13.6542306741743,1280,0.8623534715037138
0.7554226425587023,Advantaged,0.8842848103588438,0.6034535465041518,7,0,13.6542306741743,1280,0.9054226425587023
0.6489430937871441,Advantaged,0.4659449224052163,0.10714545267268052,9,2,13.6542306741743,1280,0.7989430937871441
0.7627005679482124,Advantaged,0.25183023860451037,0.9273512176740729,7,0,13.6542306741743,1280,0.9127005679482124
0.8082453455676495,Advantaged,0.20040097687652902,0.390890397733791,7,1,12.712255720128974,640,0.9582453455676495
0.5277827769010124,Advantaged,0.9491025059419077,0.7378093793812157,6,0,12.712255720128974,640,0.6777827769010124
0.7801642969421432,Advantaged,0.36247729173101556,0.030573732629696378,16,0,14.819000116288723,655360,0.9301642969421432
0.4833781013925371,Advantaged,0.33378320193701233,0.3671304355943066,12,0,14.672134338968696,40960,0.6333781013925371
0.6317367538344949,Advantaged,0.14034500873916372,0.7216163907624058,14,2,14.672134338968696,40960,0.7817367538344949
0.7755506147488734,Advantaged,0.7879936923597249,0.3354101000360644,12,2,14.599738127555884,10240,0.9255506147488735
0.6092363234513749,Advantaged,0.942047847074628,0.7694419119564992,9,0,14.386601455674894,5120,0.7592363234513749
0.6611194438866446,Advantaged,0.3710266766254211,0.07170350305661931,10,1,14.386601455674894,5120,0.8111194438866446
0.7782537503406324,Disadvantaged,0.6912707602396718,0.5185683216211566,9,0,14.386601455674894,5120,0.6282537503406324
0.7095232484898969,Advantaged,0.3251027297691919,0.9087332046280305,9,1,13.84662633994484,2560,0.8595232484898969
0.4848558834231794,Advantaged,0.20149892805125658,0.2980485074789685,11,3,13.84662633994484,2560,0.6348558834231794
0.5618619617411117,Advantaged,0.8129039392493832,0.5238876666211111,11,3,13.84662633994484,2560,0.7118619617411117
0.5248987690260266,Advantaged,0.6754956461039756,0.5119466365903468,8,0,13.84662633994484,2560,0.6748987690260266
0.566122878719578,Advantaged,0.8577774378566062,0.5647274189552209,9,1,13.84662633994484,2560,0.716122878719578
0.44727293811220215,Advantaged,0.1309021857731619,0.7142211053930501,10,2,13.84662633994484,2560,0.5972729381122022
0.5829976202337595,Advantaged,0.874762978746477,0.789821627642496,8,0,13.84662633994484,2560,0.7329976202337595
0.6239846709176612,Advantaged,0.31935173085547836,0.7529689976053582,8,0,13.84662633994484,2560,0.7739846709176612
0.5615520407320439,Advantaged,0.6125284201530415,0.08625759002497764,10,3,13.40579719504566,1280,0.7115520407320439
0.6121035109554157,Advantaged,0.9063135726129479,0.5713104779208866,7,0,13.40579719504566,1280,0.7621035109554157
0.5799884396638708,Advantaged,0.009984920532280459,0.2571943756864772,7,0,13.40579719504566,1280,0.7299884396638708
0.5571476608403401,Advantaged,0.7091090682470031,0.7588034653792909,7,0,13.40579719504566,1280,0.7071476608403401
0.650794644213222,Advantaged,0.7073305894954325,0.7752999822812998,9,2,13.40579719504566,1280,0.800794644213222
0.6519940724551323,Advantaged,0.38010516196642236,0.3480764204504163,10,0,14.745218991218332,10240,0.8019940724551323
0.5491096035129391,Advantaged,0.19807529611170144,0.6338824093798222,11,1,14.745218991218332,10240,0.6991096035129392
0.7144214454468659,Advantaged,0.5186588407496444,0.053185371922987015,9,0,14.386601455674894,5120,0.8644214454468659
0.6088416414758896,Advantaged,0.3988650671648909,0.5839998448865293,9,0,14.386601455674894,5120,0.7588416414758896
0.6593529756319135,Disadvantaged,0.20394323358488323,0.6342937391116956,9,0,14.386601455674894,5120,0.5093529756319135
0.6686408420695277,Disadvantaged,0.9831521330350333,0.7485801146703944,9,0,14.386601455674894,5120,0.5186408420695277
0.6524441179595427,Advantaged,0.4319554283260484,0.6125524120419217,9,0,14.386601455674894,5120,0.8024441179595427
0.6857199087870197,Advantaged,0.6751148497850278,0.010976680628584689,10,2,14.179381950260725,2560,0.8357199087870197
0.553519710509722,Advantaged,0.9201467874580392,0.3461883005185692,8,0,14.179381950260725,2560,0.7035197105097221
0.6718452522118503,Advantaged,0.3471331438860527,0.28243371738880796,8,0,14.179381950260725,2560,0.8218452522118503
0.6245792270106475,Disadvantaged,0.13816496805260098,0.15833918196126004,7,0,13.781903241370497,1280,0.4745792270106475
0.8423711816005454,Advantaged,0.13649786371547748,0.015643960066528906,8,1,13.781903241370497,1280,0.9923711816005454
0.7700855638127291,Advantaged,0.09857316368458728,0.8727491358306667,10,3,13.781903241370497,1280,0.9200855638127291
0.6051124919498819,Advantaged,0.31055226694069693,0.08900758145210237,8,1,13.781903241370497,1280,0.755112491949882
0.3999106554791394,Advantaged,0.4968170400382256,0.9890897403441055,8,1,13.781903241370497,1280,0.5499106554791394
0.76958863163319,Disadvantaged,0.377092567467089,0.5886206753083982,7,0,13.781903241370497,1280,0.61958863163319
0.6316541174301223,Advantaged,0.6366355138974478,0.6367324507640054,6,0,12.392352856317313,640,0.7816541174301224
0.6134100191364563,Advantaged,0.3263159190021937,0.7348980678579033,7,1,12.392352856317313,640,0.7634100191364563
0.5740336852055185,Advantaged,0.3395976281391262,0.652675623378823,6,0,12.392352856317313,640,0.7240336852055185
0.5281710454264869,Advantaged,0.26068243234816807,0.6394689024949622,8,2,12.392352856317313,640,0.6781710454264869
0.663458367619523,Advantaged,0.11100766892702463,0.757600039332892,12,1,14.745218991218332,20480,0.8134583676195231
0.667742700381172,Advantaged,0.7600599859275887,0.8382679131438039,11,0,14.745218991218332,20480,0.817742700381172
0.646143069059914,Advantaged,0.021470195266293055,0.5881795599507585,10,0,14.599738127555884,10240,0.796143069059914
0.47774241158136094,Advantaged,0.562317390611108,0.5296369318396261,11,1,14.599738127555884,10240,0.6277424115813609
0.5853590250315913,Advantaged,0.7451496532949068,0.24469693691645802,9,0,14.386601455674894,5120,0.7353590250315913
0.665957087819668,Advantaged,0.20026185988119588,0.8806462831996771,10,1,14.386601455674894,5120,0.815957087819668
0.7550168049199628,Advantaged,0.6946801743111041,0.9746357063294866,9,0,14.386601455674894,5120,0.9050168049199628
0.7195299921773423,Advantaged,0.15506816913943683,0.7393517860602958,8,0,14.044423932524928,2560,0.8695299921773423
0.5761338247011649,Advantaged,0.8323340099629256,0.6321566553858216,12,4,14.044423932524928,2560,0.7261338247011649
0.5491089348798259,Advantaged,0.7449296044755671,0.005706146720852425,10,2,14.044423932524928,2560,0.699108934879826
0.5078247932480846,Advantaged,0.9314673108961526,0.01059552378586461,8,0,14.044423932524928,2560,0.6578247932480846
0.5787727655003837,Advantaged,0.8268815150509927,0.8198049096448523,8,0,14.044423932524928,2560,0.7287727655003837
0.5681060384751688,Advantaged,0.08503814487467841,0.5148388322857463,7,0,13.40579719504566,1280,0.7181060384751689
0.6193157044501907,Advantaged,0.7795826098244564,0.8673879235093274,7,0,13.40579719504566,1280,0.7693157044501907
0.6912260273449995,Advantaged,0.029555720455518263,0.8168460769852188,10,3,13.40579719504566,1280,0.8412260273449995
0.7349528330030874,Advantaged,0.20509299276331766,0.22649986234456487,11,4,13.40579719504566,1280,0.8849528330030875
0.4939046313797952,Advantaged,0.34792256093727636,0.026338359979282494,7,0,13.40579719504566,1280,0.6439046313797951
0.48390070161917453,Advantaged,0.5795608703545132,0.011114428601742013,11,4,13.40579719504566,1280,0.6339007016191746
0.6513418822531328,Advantaged,0.5234327697582005,0.5168323346531825,7,0,13.40579719504566,1280,0.8013418822531329
0.6266559587900705,Advantaged,0.03284576819486805,0.02621248785281248,7,0,13.40579719504566,1280,0.7766559587900705
0.6737691547662875,Advantaged,0.9937611787142093,0.0581280666273736,15,0,14.819000116288723,327680,0.8237691547662875
0.6025327897876047,Advantaged,0.9876874206629374,0.38914280623401426,11,1,14.599738127555884,10240,0.7525327897876047
0.6431610873779677,Advantaged,0.64918118470872,0.9749550089108021,10,0,14.599738127555884,10240,0.7931610873779678
0.5476512459971874,Advantaged,0.848243794710936,0.1488156567631169,11,1,14.599738127555884,10240,0.6976512459971874
0.6428083601572631,Advantaged,0.7718528867907711,0.033474020055258895,9,0,14.111588942238917,5120,0.7928083601572631
0.6472336280011355,Advantaged,0.4771846447207163,0.20724040120770573,9,0,14.111588942238917,5120,0.7972336280011355
0.7757904074805653,Advantaged,0.6363724608620657,0.1334710020180421,9,0,14.111588942238917,5120,0.9257904074805653
0.80277313521691,Disadvantaged,0.9283822389013732,0.7107274202729543,9,0,14.111588942238917,5120,0.6527731352169099
0.8196032518754365,Advantaged,0.2885939905417629,0.7659713771189586,10,1,14.111588942238917,5120,0.9696032518754365
0.7210169615796566,Advantaged,0.21583879981606977,0.24775806496925282,9,0,14.111588942238917,5120,0.8710169615796566
0.7909392134297282,Disadvantaged,0.9929745630986655,0.5087550429601816,11,2,14.111588942238917,5120,0.6409392134297281
0.6749377238773641,Advantaged,0.3856773067425603,0.7801451608376457,12,4,13.781903241370497,2560,0.8249377238773641
0.6092410497438916,Advantaged,0.9411367029982587,0.6787726790273553,8,0,13.781903241370497,2560,0.7592410497438916
0.6204970419522741,Advantaged,0.6516600085494215,0.9732030872070226,8,0,13.781903241370497,2560,0.7704970419522741
0.6308880742163264,Advantaged,0.92265926679221,0.175416353056717,8,0,13.781903241370497,2560,0.7808880742163264
0.7424855106199844,Advantaged,0.37491503869072157,0.7414409678408515,11,3,13.781903241370497,2560,0.8924855106199844
0.5993708606828644,Advantaged,0.9219193270184396,0.7136524151026072,8,1,13.049675420908185,1280,0.7493708606828644
0.5511225250869869,Advantaged,0.7354089226666375,0.9420531597289614,7,0,13.049675420908185,1280,0.7011225250869869
0.7012125895450025,Disadvantaged,0.2551059649749867,0.3983529602045388,7,0,13.049675420908185,1280,0.5512125895450025
0.5383352327192094,Advantaged,0.6593807233295945,0.3684218077728089,9,2,13.049675420908185,1280,0.6883352327192094
0.7333816288924104,Advantaged,0.15548398882146017,0.5539228267034062,10,1,14.672134338968696,5120,0.8833816288924105
0.9193500625293463,Advantaged,0.04619868492605674,0.9136752949249166,11,2,14.672134338968696,5120,1
0.5886984612197047,Advantaged,0.5492749032888803,0.8599802650747571,9,0,14.672134338968696,5120,0.7386984612197047
0.7554928526198175,Advantaged,0.39069569092336576,0.9557876828050158,12,4,14.456979446737355,2560,0.9054928526198175
0.77029371116705,Disadvantaged,0.2882781286112297,0.5799632453121041,8,0,14.456979446737355,2560,0.62029371116705
0.529302074450974,Advantaged,0.6871962586443279,0.7145086668990089,8,0,14.456979446737355,2560,0.679302074450974
0.6101655030551153,Advantaged,0.4673769477238202,0.7799930686747368,7,0,13.781903241370497,1280,0.7601655030551153
0.7122456131490442,Advantaged,0.5296953710372935,0.8470098145053587,7,0,13.781903241370497,1280,0.8622456131490442
0.5848860254912918,Advantaged,0.8282001996714048,0.7486946492001822,7,0,13.781903241370497,1280,0.7348860254912918
0.657210855872088,Advantaged,0.12277329169487146,0.3486463990831627,7,0,13.781903241370497,1280,0.8072108558720881
0.690320563583255,Disadvantaged,0.14873148414389745,0.40744575446666176,7,0,13.781903241370497,1280,0.540320563583255
0.5608745707088372,Disadvantaged,0.512020042595866,0.8258196874822847,7,0,13.781903241370497,1280,0.41087457070883715
0.6572088014466476,Advantaged,0.9624804654749416,0.8073339928845082,7,0,13.781903241370497,1280,0.8072088014466476
0.6760715857437352,Advantaged,0.5236063603409079,0.768095068908088,11,4,13.781903241370497,1280,0.8260715857437352
0.8032541592395449,Advantaged,0.7658041856026935,0.09092216691771403,9,2,13.781903241370497,1280,0.9532541592395449
0.658469004746003,Advantaged,0.5447829070973641,0.4106583066530229,7,0,13.781903241370497,1280,0.808469004746003
0.7282529528959214,Disadvantaged,0.6400681022248829,0.14936908587943115,6,0,12.822726008326425,640,0.5782529528959214
0.4653775968910733,Advantaged,0.38927600570648574,0.014909648751163513,7,1,12.822726008326425,640,0.6153775968910733
0.7350169957144919,Advantaged,0.036089879120074546,0.9158457347066767,6,0,12.822726008326425,640,0.8850169957144919
0.6307829761529427,Advantaged,0.14284297883561559,0.019821430155683068,7,1,12.822726008326425,640,0.7807829761529427
0.552886336224113,Advantaged,0.6085496032726372,0.5304897768707918,11,1,14.672134338968696,10240,0.702886336224113
0.6140366275413301,Advantaged,0.45280607311814947,0.3182009472731797,10,0,14.672134338968696,10240,0.7640366275413302
0.7366074041817563,Advantaged,0.9261693714188866,0.5234768689153669,11,1,14.672134338968696,10240,0.8866074041817563
0.7553245568061671,Advantaged,0.13458662001017613,0.35154797807822363,9,0,14.599738127555884,5120,0.9053245568061671
0.617661779670918,Advantaged,0.8863075845365167,0.15914615403063856,9,1,14.247810156376232,2560,0.767661779670918
0.6173528375471437,Advantaged,0.20542559945557398,0.9701338704207458,14,6,14.247810156376232,2560,0.7673528375471437
0.6584828834880516,Advantaged,0.8766828247702759,0.5759315374735928,10,2,14.247810156376232,2560,0.8084828834880516
0.7461273091457665,Advantaged,0.14132594459328746,0.9250042238226392,10,2,14.247810156376232,2560,0.8961273091457665
0.7114517616763143,Advantaged,0.30313644923538485,0.868103515019696,11,3,14.247810156376232,2560,0.8614517616763143
0.6695580107388305,Advantaged,0.3772030350397716,0.3697458795035508,8,1,13.781903241370497,1280,0.8195580107388305
0.7039785756796193,Advantaged,0.9409982844601057,0.8973542924747984,7,0,13.781903241370497,1280,0.8539785756796193
0.6582788131653096,Advantaged,0.5347013519555608,0.6506066772628075,7,0,13.781903241370497,1280,0.8082788131653096
0.5815508178910136,Disadvantaged,0.4826976647507863,0.4606566481461368,8,1,13.781903241370497,1280,0.43155081789101357
0.6186109184598846,Advantaged,0.27802906476600625,0.9606765672617792,7,0,13.781903241370497,1280,0.7686109184598846
0.799788139593564,Advantaged,0.12959860580792623,0.9419916802831921,9,2,13.781903241370497,1280,0.949788139593564
0.6304784500368754,Advantaged,0.8178956126296124,0.802551693223945,8,1,13.781903241370497,1280,0.7804784500368754
0.5214558329148694,Advantaged,0.5820143390470068,0.06895303630978981,6,0,12.93518462079269,640,0.6714558329148694
0.6049604221732823,Advantaged,0.6696891629505458,0.26863909841153716,8,2,12.93518462079269,640,0.7549604221732823
0.702470131711824,Advantaged,0.5451460465110042,0.3820824467574723,6,0,12.93518462079269,640,0.8524701317118241
0.6235230617086536,Advantaged,0.6668895047635248,0.2635745072542731,7,1,12.93518462079269,640,0.7735230617086536
0.6602096058719622,Advantaged,0.5268016325122218,0.5046971224616769,13,1,14.672134338968696,40960,0.8102096058719622
0.6552010411944442,Advantaged,0.9510428780777871,0.22974519591560746,12,0,14.672134338968696,40960,0.8052010411944442
0.7731096561849867,Advantaged,0.9523823748780553,0.46536103525402867,14,2,14.672134338968696,40960,0.9231096561849867
0.8657528905070981,Advantaged,0.9483056691086004,0.4750182338612645,11,2,14.247810156376232,5120,1
0.7247987149295921,Advantaged,0.19436679737392204,0.007938295309733025,10,1,14.247810156376232,5120,0.8747987149295922
0.7742275309956729,Advantaged,0.24842905526313544,0.36073310054208507,9,0,14.247810156376232,5120,0.9242275309956729
0.8318957795983999,Advantaged,0.026214098453577334,0.37996988348889893,9,0,14.247810156376232,5120,0.9818957795983999
0.8027469558011044,Advantaged,0.6476089172563354,0.17030985262453446,9,0,14.247810156376232,5120,0.9527469558011045
0.7492620323053243,Advantaged,0.04584650137804597,0.4843252428659048,9,0,14.247810156376232,5120,0.8992620323053243
0.6546287071936896,Advantaged,0.27167431693014443,0.44543124678132323,8,0,13.97787981823327,2560,0.8046287071936896
0.5258036962324976,Advantaged,0.23499428834047967,0.8413247808383139,12,4,13.97787981823327,2560,0.6758036962324976
0.7365914161521628,Disadvantaged,0.6724366120396377,0.9910275505482687,8,0,13.97787981823327,2560,0.5865914161521628
0.6514179243947094,Advantaged,0.2593164873026793,0.8531913281330348,9,1,13.97787981823327,2560,0.8014179243947094
0.44382572494774797,Advantaged,0.2393761279225924,0.967439012160636,7,0,13.284934873145755,1280,0.593825724947748
0.6244157484008106,Advantaged,0.9082644628685209,0.6428158383038062,7,0,13.284934873145755,1280,0.7744157484008106
0.6279944021396366,Advantaged,0.5778506377848579,0.8063935871405147,7,0,13.284934873145755,1280,0.7779944021396367
0.6864363434429072,Advantaged,0.2741632875326131,0.5433854973627097,8,1,13.284934873145755,1280,0.8364363434429072
0.6423251812186169,Advantaged,0.5723790095259542,0.4071348559618719,11,4,13.284934873145755,1280,0.792325181218617
0.5627282189568984,Advantaged,0.7878670523913847,0.14121212742282124,7,0,13.284934873145755,1280,0.7127282189568984
0.5400409364460086,Advantaged,0.5417657521106211,0.5125841442762008,7,0,13.284934873145755,1280,0.6900409364460086
0.7997238527838322,Advantaged,0.6506725867251073,0.46946834612623856,13,0,14.819000116288723,81920,0.9497238527838322
0.7759806655812775,Advantaged,0.623016180932772,0.12542065601930283,12,3,14.599738127555884,5120,0.9259806655812776
0.5241328746000824,Disadvantaged,0.991762313440405,0.11865540276934852,9,0,14.599738127555884,5120,0.3741328746000824
0.5583412801488428,Advantaged,0.44513285181262713,0.8773717538879916,9,0,14.599738127555884,5120,0.7083412801488428
0.7525155968931075,Advantaged,0.7511538378651074,0.7701296758263451,12,4,14.247810156376232,2560,0.9025155968931076
0.5563117605072349,Advantaged,0.6558207214291009,0.44582645068135096,8,0,14.247810156376232,2560,0.7063117605072349
0.6921633417432919,Advantaged,0.5376143743531936,0.10627588523964199,8,0,14.247810156376232,2560,0.8421633417432919
0.6752821294911455,Advantaged,0.44939962253368354,0.8855665922361838,8,0,14.247810156376232,2560,0.8252821294911455
0.4172644953928677,Advantaged,0.5475172164319407,0.21776775183128333,8,0,14.247810156376232,2560,0.5672644953928677
0.8772912315392223,Advantaged,0.9185319281790165,0.6334400935056828,7,0,13.528879118687582,1280,1
0.6135186960176715,Advantaged,0.7973145022328053,0.689977066094445,7,0,13.528879118687582,1280,0.7635186960176715
0.5997169949929397,Advantaged,0.08324035020911168,0.7145793922581427,7,0,13.528879118687582,1280,0.7497169949929398
0.8021602352076375,Disadvantaged,0.17489693649993535,0.946602570022739,7,0,13.528879118687582,1280,0.6521602352076374
0.5480624847245423,Advantaged,0.2972457595771892,0.47836224029920255,8,1,13.528879118687582,1280,0.6980624847245424
0.6926059676177438,Advantaged,0.8577362858199177,0.04025757080870704,8,1,13.528879118687582,1280,0.8426059676177439
0.6076843619196448,Advantaged,0.026404073504749596,0.06945437619541378,8,1,13.528879118687582,1280,0.7576843619196448
0.7440575315432821,Advantaged,0.7838224058064971,0.9458631334608578,8,1,13.528879118687582,1280,0.8940575315432822
0.5898469467527425,Advantaged,0.41729925849836375,0.09063485690244284,7,0,13.528879118687582,1280,0.7398469467527425
0.7546163641982188,Advantaged,0.864102273975587,0.5522107039195999,7,0,13.528879118687582,1280,0.9046163641982188
0.8798580180189575,Disadvantaged,0.025169377553448155,0.3510159388096512,7,0,13.528879118687582,1280,0.7298580180189574
0.5425936748151741,Advantaged,0.365360770311985,0.9884745498634968,11,0,14.819000116288723,20480,0.6925936748151741
0.8295439034025939,Advantaged,0.9181353644773698,0.08972729455137543,11,1,14.745218991218332,10240,0.9795439034025939
0.7505863074880383,Advantaged,0.13789654657851666,0.6087877838559616,9,0,14.528022434825846,5120,0.9005863074880384
0.8519403477115939,Advantaged,0.9797512691859527,0.8183965009384654,10,1,14.528022434825846,5120,1
0.5651728688117826,Advantaged,0.37204337878898713,0.9937063601986964,9,0,14.528022434825846,5120,0.7151728688117827
0.6219859888931505,Advantaged,0.9699805678292386,0.2116507984679285,8,0,13.97787981823327,2560,0.7719859888931505
0.7684175723957428,Advantaged,0.3903454743506415,0.1777910696648395,8,0,13.97787981823327,2560,0.9184175723957428
0.6988513629330452,Advantaged,0.6037963893975766,0.8057314432793719,12,4,13.97787981823327,2560,0.8488513629330452
0.601628431968257,Advantaged,0.5355269693739397,0.15838438989038567,10,2,13.97787981823327,2560,0.751628431968257
0.5630639976695937,Advantaged,0.40397528924432524,0.776066194418169,9,1,13.97787981823327,2560,0.7130639976695937
0.48410219189098236,Advantaged,0.4751453145722215,0.15723086872476325,9,1,13.97787981823327,2560,0.6341021918909824
0.7017560303347269,Advantaged,0.9594153718911668,0.5188089818427274,9,1,13.97787981823327,2560,0.8517560303347269
0.6959620138202999,Advantaged,0.006037049684719882,0.23086160825871266,13,5,13.97787981823327,2560,0.8459620138202999
0.7789624272997838,Advantaged,0.14023564417559228,0.6124361198434874,7,0,13.40579719504566,1280,0.9289624272997838
0.6239296200848538,Disadvantaged,0.9923498618441973,0.3942886929662518,7,0,13.40579719504566,1280,0.47392962008485373
0.3995255446095437,Advantaged,0.7956806767294045,0.05542150033471077,8,1,13.40579719504566,1280,0.5495255446095437
0.6563010866416278,Disadvantaged,0.48940032932198424,0.19234106270596385,7,0,13.40579719504566,1280,0.5063010866416278
0.7716380016067507,Advantaged,0.5804089716397022,0.15273011092963024,7,0,13.40579719504566,1280,0.9216380016067507
0.6222745420633984,Advantaged,0.019668956953263032,0.4338427626664533,7,0,13.40579719504566,1280,0.7722745420633984
0.7151590210168879,Disadvantaged,0.37062383280251526,0.730267758242582,7,0,13.40579719504566,1280,0.5651590210168879
0.661126535132289,Advantaged,0.8198912723768336,0.3131071799689561,11,2,14.819000116288723,5120,0.811126535132289
0.738391357318762,Advantaged,0.2602215960635734,0.8633775518088143,10,2,14.528022434825846,2560,0.8883913573187621
0.7978798430895319,Disadvantaged,0.013109610032577493,0.790917789798684,8,0,14.528022434825846,2560,0.6478798430895318
0.5582319447307718,Advantaged,0.9774387597560475,0.20626234078423042,10,2,14.528022434825846,2560,0.7082319447307718
0.6242342400355255,Advantaged,0.3306019549241836,0.48152852188726303,8,0,14.528022434825846,2560,0.7742342400355255
0.46441602973283935,Advantaged,0.5590656870183771,0.675526791531361,11,4,13.717773566204011,1280,0.6144160297328394
0.5685235837528183,Advantaged,0.6268116071616388,0.8469447535648016,8,1,13.717773566204011,1280,0.7185235837528183
0.7101545478380645,Disadvantaged,0.5301723642731132,0.1887359192643537,7,0,13.717773566204011,1280,0.5601545478380645
0.6143565073693774,Advantaged,0.3260586493305714,0.4093125052970199,9,2,13.717773566204011,1280,0.7643565073693774
0.7086394535263144,Advantaged,0.33323880228149094,0.47907640147069236,7,0,13.717773566204011,1280,0.8586394535263144
0.7611195959163358,Disadvantaged,0.6376617846938675,0.28313997078024367,8,1,13.717773566204011,1280,0.6111195959163358
0.514575750083199,Advantaged,0.5295340076044888,0.7905661113066738,7,0,13.717773566204011,1280,0.664575750083199
0.6891770812736318,Advantaged,0.88996383083975,0.41798582553993263,8,1,13.717773566204011,1280,0.8391770812736318
0.6547468972575715,Advantaged,0.9292209287642024,0.4218232910535692,7,0,13.717773566204011,1280,0.8047468972575715
0.5170823622174723,Advantaged,0.8881988968556533,0.6276787977656396,7,0,13.717773566204011,1280,0.6670823622174723
0.8217011773290648,Advantaged,0.18113952525196347,0.7642579332598721,8,1,13.717773566204011,1280,0.9717011773290648
0.6771884264336131,Advantaged,0.661742861715113,0.7768184678392736,9,2,13.717773566204011,1280,0.8271884264336131
0.6709090360386019,Advantaged,0.7406412797808574,0.8630698337045901,7,1,12.767245020786307,640,0.8209090360386019
0.5805538162665407,Advantaged,0.05711630622124234,0.7597043264601657,6,0,12.767245020786307,640,0.7305538162665407
0.6343629666515261,Advantaged,0.2219347517476394,0.49439841237229604,6,0,12.767245020786307,640,0.7843629666515262
0.5233327596648641,Advantaged,0.9945223686442854,0.18508850118326053,15,3,14.672134338968696,40960,0.6733327596648642
0.9008506287783268,Advantaged,0.02792644437485889,0.7302043519309486,16,4,14.672134338968696,40960,1
0.791266206316448,Advantaged,0.244738585710646,0.5507344293792672,13,1,14.672134338968696,40960,0.941266206316448
0.6321708532236446,Advantaged,0.030668850971932587,0.4065329428525892,10,0,14.528022434825846,10240,0.7821708532236447
0.6687659455148537,Advantaged,0.29028200133893617,0.8525077022185819,10,0,14.528022434825846,10240,0.8187659455148537
0.682173220792071,Disadvantaged,0.37337080472779105,0.5500579385622058,9,0,14.386601455674894,5120,0.532173220792071
0.6542535134160546,Advantaged,0.4557526671021843,0.45250681694944517,10,1,14.386601455674894,5120,0.8042535134160547
0.7039668800733385,Disadvantaged,0.1864685728133596,0.223864827518217,8,0,13.911949591885861,2560,0.5539668800733385
0.7447002885175994,Disadvantaged,0.9855884106908531,0.5597065996253557,8,0,13.911949591885861,2560,0.5947002885175994
0.7328003701773288,Advantaged,0.7025348398086165,0.24764509724258488,11,3,13.911949591885861,2560,0.8828003701773288
0.6363727346990229,Advantaged,0.3711429736646476,0.8817706796229442,12,4,13.911949591885861,2560,0.7863727346990229
0.7290136944399019,Disadvantaged,0.8399970473939395,0.010261070446588506,8,0,13.911949591885861,2560,0.5790136944399019
0.5634749302406638,Advantaged,0.959573263323296,0.5993490824788642,8,0,13.911949591885861,2560,0.7134749302406638
0.7018327260010202,Disadvantaged,0.20131084113960984,0.36122238293605213,8,0,13.911949591885861,2560,0.5518327260010202
0.5247239514287039,Advantaged,0.2654556027354107,0.8469767097096464,7,0,13.345091659153077,1280,0.6747239514287039
0.5312920848847833,Advantaged,0.7418991361573265,0.19795473779213446,8,1,13.345091659153077,1280,0.6812920848847833
0.7336697789653325,Advantaged,0.030642670122860233,0.5660289996732212,10,3,13.345091659153077,1280,0.8836697789653325
0.6941131710779719,Advantaged,0.16830713200540426,0.839614293550776,7,0,13.345091659153077,1280,0.8441131710779719
0.6005181871677745,Advantaged,0.9926353886037769,0.7343168074128436,8,1,13.345091659153077,1280,0.7505181871677745
0.5556894618322568,Advantaged,0.9925392195790895,0.16325652658874495,8,1,13.345091659153077,1280,0.7056894618322568
0.7150254064682597,Advantaged,0.23575059990444922,0.2264991244695043,21,4,14.819000116288723,1310720,0.8650254064682598
0.743142115596392,Advantaged,0.4531205826235092,0.6738172795482221,12,1,14.745218991218332,20480,0.893142115596392
0.7961686667974697,Advantaged,0.41852507205675377,0.26943852760439824,13,3,14.672134338968696,10240,0.9461686667974697
0.7899050617662673,Advantaged,0.640228035088295,0.921299087591423,12,3,14.386601455674894,5120,0.9399050617662673
0.5283631585909572,Advantaged,0.7899778524589776,0.15520849425822905,9,0,14.386601455674894,5120,0.6783631585909572
0.571797528019495,Advantaged,0.2843152821962884,0.18955641627700917,9,0,14.386601455674894,5120,0.721797528019495
0.5262620766100444,Disadvantaged,0.2962962531436012,0.7775838358341647,9,0,14.386601455674894,5120,0.3762620766100444
0.6037534705751645,Advantaged,0.7352320267448192,0.8116492305405031,11,3,13.911949591885861,2560,0.7537534705751645
0.6005374319446692,Advantaged,0.08687291673931355,0.08218333023873654,9,1,13.911949591885861,2560,0.7505374319446693
0.5661790058199272,Advantaged,0.6259681917634324,0.37660368086552404,9,1,13.911949591885861,2560,0.7161790058199272
0.6759097926861402,Advantaged,0.3882615379143543,0.9062219772149638,8,0,13.911949591885861,2560,0.8259097926861402
0.5488947613504291,Advantaged,0.48624916276222663,0.7237801032259004,8,0,13.911949591885861,2560,0.6988947613504292
0.7703801131371794,Advantaged,0.2492426762760464,0.1905511654473248,9,1,13.911949591885861,2560,0.9203801131371794
0.5848703608324372,Disadvantaged,0.34178770447974627,0.9891866267281144,8,0,13.911949591885861,2560,0.43487036083243713
0.5898043155890165,Advantaged,0.8461469949063247,0.5675178821724538,8,1,13.22532078750519,1280,0.7398043155890165
0.6083175940357587,Advantaged,0.7294733789181846,0.7988076697553124,9,2,13.22532078750519,1280,0.7583175940357587
0.766172322700449,Advantaged,0.3548382694707877,0.7672466449034099,9,2,13.22532078750519,1280,0.916172322700449
0.6691912709857554,Disadvantaged,0.016342529045899785,0.6920183592994896,8,1,13.22532078750519,1280,0.5191912709857553
0.6843796997208693,Disadvantaged,0.5396423703627151,0.6925747426822133,7,0,13.22532078750519,1280,0.5343796997208693
0.7427225202511466,Advantaged,0.9661516709790672,0.3645045012270392,7,0,13.22532078750519,1280,0.8927225202511466
0.682926172144514,Advantaged,0.9647034928584889,0.9345714996409005,12,1,14.819000116288723,20480,0.832926172144514
0.569613932361087,Advantaged,0.9612427212075512,0.910193949215003,9,0,14.528022434825846,5120,0.7196139323610871
0.6133416575030034,Advantaged,0.163535582361539,0.2994860001267467,10,1,14.528022434825846,5120,0.7633416575030034
0.6475264834255456,Advantaged,0.14165219901342743,0.9250697517844001,9,0,14.528022434825846,5120,0.7975264834255457
0.8216143691683786,Advantaged,0.5722430591003516,0.35327923766670943,9,0,14.528022434825846,5120,0.9716143691683786
0.629408974786236,Advantaged,0.06779079434151451,0.9948147670238451,8,0,14.044423932524928,2560,0.779408974786236
0.6879758791629514,Advantaged,0.9679502470868255,0.9917954943057112,8,0,14.044423932524928,2560,0.8379758791629515
0.7025578787315977,Advantaged,0.7639842420070437,0.24227070044702967,8,0,14.044423932524928,2560,0.8525578787315977
0.5745077183891192,Advantaged,0.09460563391831645,0.6647812735430655,9,1,14.044423932524928,2560,0.7245077183891192
0.7087688677059077,Advantaged,0.08219857804305779,0.9887972142598337,9,1,14.044423932524928,2560,0.8587688677059078
0.7152053587089342,Advantaged,0.45099261042138383,0.2954035432654808,11,3,14.044423932524928,2560,0.8652053587089342
0.6643454211734814,Advantaged,0.40991096346365724,0.43284028897465054,11,3,14.044423932524928,2560,0.8143454211734814
0.8066771637355121,Advantaged,0.6439129534045429,0.34293804801097,7,0,13.6542306741743,1280,0.9566771637355121
0.45356801437193894,Advantaged,0.7879928537500809,0.602987373591776,8,1,13.6542306741743,1280,0.603568014371939
0.6195580656487621,Advantaged,0.13486061646343575,0.3836747986572651,11,4,13.6542306741743,1280,0.7695580656487622
0.5832806942930167,Advantaged,0.8104040568094442,0.7091689576077465,11,4,13.6542306741743,1280,0.7332806942930167
0.6533690916371884,Advantaged,0.3451054798165772,0.4717876204481784,12,5,13.6542306741743,1280,0.8033690916371884
0.7456110366138021,Advantaged,0.2632197636186576,0.9006133395495051,7,0,13.6542306741743,1280,0.8956110366138021
0.8654300831120474,Advantaged,0.8761239919466296,0.11050822524891342,8,2,12.340660513873198,640,1
0.6392803703371599,Advantaged,0.16962879786235444,0.8379518513577012,8,2,12.340660513873198,640,0.7892803703371599
0.4918918527649073,Advantaged,0.6610514573389155,0.6988348760792699,15,1,14.819000116288723,163840,0.6418918527649073
0.7662717000665451,Advantaged,0.8244729437853734,0.6210346000537795,13,0,14.745218991218332,81920,0.9162717000665451
0.6435218022174594,Advantaged,0.7361241760130842,0.627894636939757,12,0,14.599738127555884,40960,0.7935218022174594
0.623281024029457,Advantaged,0.6099851204161139,0.3818347159824079,13,1,14.599738127555884,40960,0.773281024029457
0.7009680599427719,Advantaged,0.31029513119766255,0.8381575850320433,12,1,14.528022434825846,20480,0.8509680599427719
0.7502985037153914,Disadvantaged,0.6713881344541407,0.7153452982725251,12,2,14.386601455674894,10240,0.6002985037153914
0.7663695299081943,Advantaged,0.4871757425117626,0.6040386897256941,13,3,14.386601455674894,10240,0.9163695299081943
0.7825003181418912,Advantaged,0.21902039536594678,0.4467724943348202,13,4,14.247810156376232,5120,0.9325003181418913
0.7042905242095653,Advantaged,0.640876490571791,0.694356922104269,9,0,14.247810156376232,5120,0.8542905242095653
0.6674902843863676,Advantaged,0.8829026295263691,0.7804524275956128,8,0,13.781903241370497,2560,0.8174902843863676
0.7021856576184548,Advantaged,0.9173804442954264,0.39561067923755194,8,0,13.781903241370497,2560,0.8521856576184548
0.6033629532189891,Disadvantaged,0.9601078248751901,0.2682434768202849,10,2,13.781903241370497,2560,0.4533629532189891
0.7469399208405136,Disadvantaged,0.6517356719777674,0.7107258822840745,8,0,13.781903241370497,2560,0.5969399208405136
0.4310955442231839,Advantaged,0.8417210531703646,0.6014320761132151,8,0,13.781903241370497,2560,0.5810955442231839
0.6046116975522268,Advantaged,0.5743596187887704,0.022364357843142543,8,0,13.781903241370497,2560,0.7546116975522268
0.6036786156871556,Advantaged,0.715154542470703,0.6973057781214089,8,0,13.781903241370497,2560,0.7536786156871557
0.5903521709600064,Advantaged,0.5286907102294099,0.16072981901332478,7,0,13.049675420908185,1280,0.7403521709600064
0.7048795312781463,Disadvantaged,0.01704426666962641,0.6001514454223957,8,1,13.049675420908185,1280,0.5548795312781463
0.6280800145242159,Advantaged,0.31910119080726074,0.2295567387986039,9,2,13.049675420908185,1280,0.7780800145242159
0.48454698025858783,Advantaged,0.7137767667592554,0.43412685816509844,7,0,13.049675420908185,1280,0.6345469802585878
0.5550376019857415,Advantaged,0.7536684923286351,0.1050604761575826,13,0,14.819000116288723,81920,0.7050376019857415
0.625048340623661,Advantaged,0.16486964917588814,0.8433452113809536,13,1,14.745218991218332,40960,0.775048340623661
0.6356020232416062,Advantaged,0.286682331911404,0.5644054938170281,11,0,14.599738127555884,20480,0.7856020232416062
0.6273605251067188,Disadvantaged,0.9693112731957577,0.9847837866362722,11,0,14.599738127555884,20480,0.4773605251067188
0.7319817355307698,Advantaged,0.5032563018844236,0.7250620835757263,10,0,14.528022434825846,10240,0.8819817355307699
0.6966910148338481,Advantaged,0.5722556967955472,0.8642799084640076,11,2,14.386601455674894,5120,0.8466910148338481
0.6558200683374253,Advantaged,0.9377353036653399,0.9776605989770102,9,0,14.386601455674894,5120,0.8058200683374254
0.6189444881141429,Advantaged,0.3495740530275698,0.18255998522613143,9,1,13.591268013328797,2560,0.768944488114143
0.7149266969417244,Disadvantaged,0.28269363382126933,0.2161760165562288,8,0,13.591268013328797,2560,0.5649266969417244
0.7354033118385999,Advantaged,0.89239969403154,0.6513701903121778,9,1,13.591268013328797,2560,0.8854033118385999
0.7277392596850102,Advantaged,0.5299783181155852,0.49077768204038713,11,3,13.591268013328797,2560,0.8777392596850102
0.624069935395298,Advantaged,0.2865073999681913,0.519826491957586,9,1,13.591268013328797,2560,0.774069935395298
0.615993566078139,Disadvantaged,0.6564670494996215,0.3482467135314862,8,0,13.591268013328797,2560,0.465993566078139
0.5212801959166364,Advantaged,0.7406374239745036,0.13097180743164277,10,2,13.591268013328797,2560,0.6712801959166365
0.6220466537586037,Disadvantaged,0.9780439712890234,0.9845407763252786,8,0,13.591268013328797,2560,0.47204665375860366
0.5571207253449643,Advantaged,0.2506065911854344,0.08259333197991202,12,4,13.591268013328797,2560,0.7071207253449643
0.5167575881307327,Advantaged,0.2893259987925453,0.5254195136879918,10,2,13.591268013328797,2560,0.6667575881307327
0.6923510181512553,Advantaged,0.8605395308035467,0.7146949797755209,9,1,13.591268013328797,2560,0.8423510181512553
0.6503763656862789,Advantaged,0.9291606721947832,0.9860784155154481,9,1,13.591268013328797,2560,0.8003763656862789
0.45646727793011804,Advantaged,0.19569341052064107,0.017961605577104127,9,2,12.822726008326425,1280,0.606467277930118
0.7568664921445575,Advantaged,0.18525770439451275,0.19980575282020097,12,0,14.819000116288723,40960,0.9068664921445575
0.6362847319199401,Advantaged,0.15818388311919845,0.8180802628092134,12,3,14.745218991218332,5120,0.7862847319199401
0.6798097816651019,Advantaged,0.8034033056971761,0.27776441496069454,9,1,14.386601455674894,2560,0.8298097816651019
0.8045036702928818,Advantaged,0.5395675070481885,0.9008270768976924,9,1,14.386601455674894,2560,0.9545036702928819
0.689611225171664,Advantaged,0.8343281819733017,0.21582099492082477,9,1,14.386601455674894,2560,0.839611225171664
0.6700654876731323,Advantaged,0.46435674764818297,0.29058684908381816,8,0,14.386601455674894,2560,0.8200654876731324
0.5788503733056144,Advantaged,0.8397119671398245,0.4825339051257745,8,0,14.386601455674894,2560,0.7288503733056144
0.6499350064015078,Advantaged,0.20604432394510294,0.7646407269819441,7,0,13.781903241370497,1280,0.7999350064015078
0.6120930016557914,Advantaged,0.16776366777537363,0.989740133758134,7,0,13.781903241370497,1280,0.7620930016557914
0.6722129237212019,Advantaged,0.09200510702591705,0.8165200526179718,9,2,13.781903241370497,1280,0.8222129237212019
0.7450259593607031,Advantaged,0.20593397900582622,0.7534967954177872,7,0,13.781903241370497,1280,0.8950259593607032
0.5484331856405059,Disadvantaged,0.4739357882054217,0.8921861899634407,7,0,13.781903241370497,1280,0.3984331856405059
0.791398188258778,Advantaged,0.8309314424792925,0.4307082698701311,8,1,13.781903241370497,1280,0.941398188258778
0.5077824608926989,Advantaged,0.7770979346183884,0.5653249854940124,8,1,13.781903241370497,1280,0.6577824608926989
0.8454813552478654,Advantaged,0.6026947472339487,0.1720343883524635,7,0,13.781903241370497,1280,0.9954813552478654
0.5670156008341539,Advantaged,0.8509866136974141,0.19853431825173917,8,1,13.781903241370497,1280,0.7170156008341539
0.68794454428319,Disadvantaged,0.09073177578891466,0.8122090193053791,7,1,13.166243432076536,640,0.5379445442831899
0.580234935811806,Advantaged,0.7355670413854926,0.3388114364386828,6,0,13.166243432076536,640,0.730234935811806
0.5566952870787081,Advantaged,0.017095351551163627,0.9664246176719313,9,3,13.166243432076536,640,0.7066952870787081
0.8782414273054074,Advantaged,0.171950614752841,0.6187254337672682,7,1,13.166243432076536,640,1
0.5313007554038742,Advantaged,0.5698981437929419,0.06477866156156457,15,3,14.819000116288723,40960,0.6813007554038742
0.655622433371785,Advantaged,0.2817053194470537,0.17780979546319825,12,2,14.745218991218332,10240,0.8056224333717851
0.7239539807337985,Advantaged,0.550520246447671,0.04222590151701623,13,4,14.599738127555884,5120,0.8739539807337985
0.6302698738877267,Advantaged,0.9507243133715322,0.8026429414679644,10,1,14.599738127555884,5120,0.7802698738877267
0.8463046211034047,Disadvantaged,0.38815851755491204,0.4178549835333295,8,0,14.31688085879078,2560,0.6963046211034046
0.691300303997859,Advantaged,0.5732268044581423,0.43243268089002895,10,2,14.31688085879078,2560,0.841300303997859
0.5659366393372074,Advantaged,0.6058797511626591,0.9501143799914019,8,0,14.31688085879078,2560,0.7159366393372074
0.6100039682053531,Advantaged,0.6574571097862736,0.7100171817568552,8,0,14.31688085879078,2560,0.7600039682053531
0.5866134312701589,Advantaged,0.5451258638646658,0.38058583535698814,7,0,13.911949591885861,1280,0.7366134312701589
0.3372056881728755,Advantaged,0.607570896257614,0.9773717359894544,7,0,13.911949591885861,1280,0.48720568817287546
0.5948009667437478,Advantaged,0.68307252088909165,0.5139040056701787,7,0,13.911949591885861,1280,0.7448009667437478
0.7351528811121099,Advantaged,0.6968058743375117,0.6871225790187846,7,0,13.911949591885861,1280,0.8851528811121099
0.6503475732332511,Advantaged,0.5473760983452609,0.04485854061218488,9,2,13.911949591885861,1280,0.8003475732332511
0.7083300655338136,Disadvantaged,0.014953825361007334,0.03509419636837953,9,2,13.911949591885861,1280,0.5583300655338136
0.5731400398552011,Advantaged,0.7063713788868053,0.27281828974813815,6,0,13.528879118687582,640,0.7231400398552011
0.6217086819235463,Advantaged,0.7208881659366061,0.5468032465870052,7,1,13.528879118687582,640,0.7717086819235464
0.6013143172204573,Advantaged,0.5653564506442059,0.4617295230945007,7,1,13.528879118687582,640,0.7513143172204573
0.7339204129565341,Advantaged,0.6116497172228066,0.5284723789692944,6,0,13.528879118687582,640,0.8839204129565341
0.6381245346150257,Advantaged,0.6004977160578232,0.9366300558029623,6,0,13.528879118687582,640,0.7881245346150257
0.5838196206364645,Advantaged,0.013935436296568656,0.04148890540601491,9,3,13.528879118687582,640,0.7338196206364646
0.757751757908766,Advantaged,0.18269898442885102,0.5509817526057196,16,4,14.819000116288723,40960,0.907751757908766
0.7220737241947189,Advantaged,0.7270837821754447,0.08957030535073238,11,0,14.745218991218332,20480,0.872073724194719
0.5719818028529221,Advantaged,0.9369520816757385,0.30060763314913086,12,2,14.456979446737355,10240,0.7219818028529221
0.7369453740457991,Advantaged,0.6897104437815127,0.07676870115703686,10,0,14.456979446737355,10240,0.8869453740457991
0.6519354956780511,Advantaged,0.9907280717031168,0.7226848880208991,10,0,14.456979446737355,10240,0.8019354956780511
0.8840924943413353,Advantaged,0.5370075844914017,0.05203412961798595,10,0,14.456979446737355,10240,1
0.7107944280817086,Advantaged,0.5457703674175031,0.03898136875133461,10,1,14.111588942238917,5120,0.8607944280817086
0.5265558308715443,Advantaged,0.6976882094755973,0.2843880616649707,9,0,14.111588942238917,5120,0.6765558308715444
0.8342113025072027,Disadvantaged,0.3742448448224355,0.37883045801902143,10,1,14.111588942238917,5120,0.6842113025072026
0.8616158891645658,Advantaged,0.8090144833955284,0.07233049561946066,13,4,14.111588942238917,5120,1
0.6291944677017532,Advantaged,0.5526090305917132,0.32682044459020354,10,1,14.111588942238917,5120,0.7791944677017533
0.6585687097716435,Advantaged,0.6144297519902611,0.9638769596083026,9,1,13.84662633994484,2560,0.8085687097716435
0.7956683473130178,Advantaged,0.7241319340876123,0.24719527906237812,8,0,13.84662633994484,2560,0.9456683473130179
0.6590421302869738,Advantaged,0.18979020741425306,0.49825687655155076,9,1,13.84662633994484,2560,0.8090421302869738
0.7226690765209345,Advantaged,0.18236465879428707,0.4913731783336557,9,1,13.84662633994484,2560,0.8726690765209345
0.589742773862902,Advantaged,0.8732855375751909,0.5190910103230445,8,1,13.166243432076536,1280,0.739742773862902
0.6263623247945564,Advantaged,0.69839513527614006,0.29523652509568415,8,1,13.166243432076536,1280,0.7763623247945565
0.7990042951542495,Disadvantaged,0.7536734543712948,0.9598230843985944,8,1,13.166243432076536,1280,0.6490042951542495
0.6756792016897031,Advantaged,0.14980523158745165,0.4822780860782559,7,0,13.166243432076536,1280,0.8256792016897031
0.8360196893113395,Advantaged,0.5422364161257164,0.9943585714455045,8,1,13.166243432076536,1280,0.9860196893113395
0.5267144572353116,Advantaged,0.8185530438641577,0.397376228924331,19,3,14.819000116288723,655360,0.6767144572353117
0.6442044605955803,Advantaged,0.7129038787731873,0.3399302389806331,14,1,14.745218991218332,81920,0.7942044605955804
0.7213529432593626,Advantaged,0.6229338782424784,0.4661840208949734,11,1,14.528022434825846,10240,0.8713529432593626
0.6356257310509233,Advantaged,0.696244346345103,0.17257546630238568,11,1,14.528022434825846,10240,0.7856257310509234
0.7241018717758101,Advantaged,0.7067359603955341,0.17651367654203814,10,0,14.528022434825846,10240,0.8741018717758101
0.705064805306077,Advantaged,0.2630436164060543,0.38063068253182764,12,3,14.111588942238917,5120,0.855064805306077
0.708263903095231,Advantaged,0.6292282355803329,0.46539534840371405,9,0,14.111588942238917,5120,0.858263903095231
0.64661372638835,Advantaged,0.5739892096576091,0.6772144210585092,9,0,14.111588942238917,5120,0.79661372638835
0.6225078741986353,Advantaged,0.5783248719995592,0.06469500598506957,11,2,14.111588942238917,5120,0.7725078741986353
0.7343493780657635,Advantaged,0.5220341076414142,0.4233426198314653,11,2,14.111588942238917,5120,0.8843493780657635
0.5764107671944284,Advantaged,0.5623141415173939,0.685654232543731,10,1,14.111588942238917,5120,0.7264107671944284
0.5018658249078332,Advantaged,0.39753055130942394,0.15154897949811239,9,1,14.044423932524928,2560,0.6518658249078332
0.6741911324911116,Advantaged,0.3454159864477016,0.7269619177640022,8,1,13.284934873145755,1280,0.8241911324911116
0.5985529052274784,Advantaged,0.8025692851243272,0.34906545126189786,9,2,13.284934873145755,1280,0.7485529052274784
0.6767376305634932,Advantaged,0.7863507322811832,0.764877543153371,9,2,13.284934873145755,1280,0.8267376305634933
0.6844239093179373,Advantaged,0.5134522396473409,0.8017738193878209,7,0,13.284934873145755,1280,0.8344239093179373
0.5459969676686354,Disadvantaged,0.7060999842441701,0.34363609441528237,9,2,13.284934873145755,1280,0.39599696766863535
0.6157945437251106,Advantaged,0.9692348511460983,0.42544646091430227,9,2,13.284934873145755,1280,0.7657945437251106
0.7646799089252772,Advantaged,0.5122105955454377,0.7619177483286319,9,2,13.284934873145755,1280,0.9146799089252772
0.49155547951038503,Advantaged,0.005878567675925532,0.5500129646047097,7,0,13.284934873145755,1280,0.641555479510385
0.6970424464590901,Advantaged,0.45876847704019935,0.7509185025151077,12,0,14.819000116288723,40960,0.8470424464590901
0.6845518637368255,Advantaged,0.9127946229447699,0.5880309222694672,12,1,14.745218991218332,20480,0.8345518637368255
0.6902638614025356,Advantaged,0.25325544393825256,0.016584132760948507,10,0,14.672134338968696,10240,0.8402638614025356
0.48565473988311486,Advantaged,0.9259276314701107,0.7895996685542945,12,4,14.599738127555884,2560,0.6356547398831148
0.5672214206653714,Advantaged,0.9255557251510336,0.9589127482735177,7,0,14.111588942238917,1280,0.7172214206653714
0.4068680261447973,Advantaged,0.9284884555668418,0.7893853390158446,10,3,14.111588942238917,1280,0.5568680261447972
0.546716796761118,Advantaged,0.9688573912856405,0.27771693139814246,8,1,14.111588942238917,1280,0.696716796761118
0.6080162135323567,Disadvantaged,0.759227001745328,0.005989562664459,7,0,14.111588942238917,1280,0.45801621353235666
0.704907199870627,Disadvantaged,0.6713058677240187,0.15912196528287004,7,0,14.111588942238917,1280,0.554907199870627
0.5749783692351296,Advantaged,0.7449313909584536,0.4121986327134536,7,0,14.111588942238917,1280,0.7249783692351296
0.6074794982494767,Advantaged,0.7922160050134401,0.6606877612341566,8,1,14.111588942238917,1280,0.7574794982494767
0.6938225286301142,Advantaged,0.4509045026990219,0.20906717239517664,8,2,13.467057610920294,640,0.8438225286301142
0.7055098546921142,Advantaged,0.9374630492057799,0.570637164277196,7,1,13.467057610920294,640,0.8555098546921143
0.7121485380777046,Disadvantaged,0.7754501153063956,0.7461391236964354,7,1,13.467057610920294,640,0.5621485380777046
0.47145875093756084,Advantaged,0.8835943633069595,0.03098751433814565,7,1,13.467057610920294,640,0.6214587509375609
0.6586970519804329,Advantaged,0.23316725367559724,0.007637448133947096,8,2,13.467057610920294,640,0.808697051980433
0.5328891386836083,Disadvantaged,0.08197346575493318,0.7934238843582756,6,0,13.467057610920294,640,0.3828891386836083
0.4769274522676048,Advantaged,0.3815941910725087,0.33114256769701356,6,0,13.467057610920294,640,0.6269274522676048
0.6102634801562792,Disadvantaged,0.4574371385886172,0.6518103305959323,6,0,13.467057610920294,640,0.46026348015627916
0.6449500895830276,Disadvantaged,0.02170779772070399,0.5829887714118822,6,0,13.467057610920294,640,0.49495008958302755
0.8099325318699973,Advantaged,0.8660248276159,0.30434012815555495,13,0,14.819000116288723,81920,0.9599325318699973
0.681617864770195,Advantaged,0.5113685122871799,0.6448707525764328,10,0,14.599738127555884,10240,0.8316178647701951
0.6500352164360075,Advantaged,0.018457303404001826,0.8103093743690322,11,1,14.599738127555884,10240,0.8000352164360075
0.6344293690457758,Advantaged,0.27080077635916644,0.11811173707015109,10,0,14.599738127555884,10240,0.7844293690457759
0.6808839551557497,Advantaged,0.046534119102065986,0.9947999947697425,9,0,14.247810156376232,5120,0.8308839551557498
0.597679097869125,Advantaged,0.341798967620432,0.17634542696687638,13,4,14.247810156376232,5120,0.747679097869125
0.6226292330691823,Advantaged,0.281322449424874,0.5440972598063394,12,3,14.247810156376232,5120,0.7726292330691823
0.8561418422257441,Advantaged,0.6929771480676417,0.15009383132810988,11,2,14.247810156376232,5120,1
0.5762647518911561,Advantaged,0.1592777839338231,0.6276169660945993,9,0,14.247810156376232,5120,0.7262647518911561
0.6287033092858957,Advantaged,0.07312700235683342,0.3910967233678817,9,1,13.84662633994484,2560,0.7787033092858957
0.6760720777561244,Disadvantaged,0.6288463634529164,0.1111866835022892,8,0,13.84662633994484,2560,0.5260720777561244
0.4882174994565676,Advantaged,0.26904554309240025,0.5202617096165613,10,2,13.84662633994484,2560,0.6382174994565676
0.6622410529468556,Advantaged,0.6413611901184979,0.14730625852493023,8,0,13.84662633994484,2560,0.8122410529468557
0.624090188084761,Advantaged,0.8704968483930926,0.18637009657483863,11,3,13.84662633994484,2560,0.774090188084761
0.7296723962959724,Advantaged,0.2705970917230667,0.6694786516446806,8,0,13.84662633994484,2560,0.8796723962959724
0.6029126970704066,Advantaged,0.10265766128559427,0.3563233731553162,8,1,13.591268013328797,1280,0.7529126970704066
0.6354820197644323,Disadvantaged,0.34545033256087765,0.5399192816645036,11,4,13.591268013328797,1280,0.4854820197644323
0.6311046974738601,Advantaged,0.6964207814695934,0.0051664105924634045,11,4,13.591268013328797,1280,0.7811046974738601
0.5958103410758667,Advantaged,0.6390940253124735,0.14982178940238497,8,1,13.591268013328797,1280,0.7458103410758667
0.7473537379130546,Advantaged,0.6793445022324962,0.22700096964164274,8,2,12.138354414005061,640,0.8973537379130546
0.6631987782597147,Advantaged,0.759929244655569,0.746852386094148,14,3,14.819000116288723,20480,0.8131987782597148
0.674381400637905,Advantaged,0.8629687533503055,0.4773611914139445,12,3,14.599738127555884,5120,0.824381400637905
0.6332644073920319,Advantaged,0.8623013106656645,0.7552015638854632,11,2,14.599738127555884,5120,0.783264407392032
0.5934341287283724,Advantaged,0.966920705528383,0.552082883950499,10,1,14.599738127555884,5120,0.7434341287283724
0.47597470548098,Advantaged,0.38490683355586447,0.37524038327241604,8,0,14.31688085879078,2560,0.62597470548098
0.6597108755723153,Advantaged,0.44341297062178747,0.1807444476735644,8,0,14.31688085879078,2560,0.8097108755723154
0.6261381506267567,Advantaged,0.4738253826409838,0.007090645370801067,8,0,14.31688085879078,2560,0.7761381506267567
0.5947729863081553,Advantaged,0.28000070334907934,0.3713403364564686,8,0,14.31688085879078,2560,0.7447729863081554
0.7174979077667688,Advantaged,0.8235806894027605,0.9694940426122787,8,1,13.84662633994484,1280,0.8674979077667688
0.49728172286805494,Disadvantaged,0.7363300970952439,0.7373755911390636,7,0,13.84662633994484,1280,0.3472817228680549
0.6170476180531103,Advantaged,0.9534137257402624,0.8374378590239907,7,0,13.84662633994484,1280,0.7670476180531103
0.6166823686191977,Advantaged,0.4960022046779797,0.3752688074829659,7,0,13.84662633994484,1280,0.7666823686191977
0.6442231809296224,Disadvantaged,0.40191672293965086,0.007174584479418708,8,1,13.84662633994484,1280,0.49422318092962236
0.5863194088208591,Advantaged,0.2654753070653634,0.006993703893965008,7,0,13.84662633994484,1280,0.7363194088208591
0.623220746391052,Advantaged,0.8822181036855692,0.8067935532276329,7,0,13.84662633994484,1280,0.773220746391052
0.6008371216207199,Advantaged,0.8513889660646407,0.7365956968484233,9,3,12.49711025876699,640,0.7508371216207199
0.6707429065118038,Advantaged,0.8810117911438536,0.17135713845306072,7,1,12.49711025876699,640,0.8207429065118038
0.6451878393435906,Advantaged,0.11244317961611151,0.518538668079867,6,0,12.49711025876699,640,0.7951878393435906
0.6590922812874018,Disadvantaged,0.6394423062598046,0.5910019571834999,6,0,12.49711025876699,640,0.5090922812874018
0.7568329976708694,Advantaged,0.5787400575377862,0.5025952661036982,9,3,12.49711025876699,640,0.9068329976708694
0.7146278086795322,Advantaged,0.8265094833323426,0.897159926824976,12,0,14.745218991218332,40960,0.8646278086795323
0.741973200633591,Advantaged,0.39915240069258195,0.9140342267679598,12,0,14.745218991218332,40960,0.891973200633591
0.6791592615605249,Advantaged,0.0301534896160462,0.62835070273876,11,1,14.528022434825846,10240,0.8291592615605249
0.6228954912172767,Advantaged,0.5848357925557564,0.9447322174123679,12,2,14.528022434825846,10240,0.7728954912172767
0.82447403533528,Disadvantaged,0.9583554589710852,0.23921263523270095,13,3,14.528022434825846,10240,0.6744740353352799
0.5876047411918077,Advantaged,0.961875675321413,0.8358697037094398,11,2,14.044423932524928,5120,0.7376047411918077
0.6961984642617954,Advantaged,0.5633261481123926,0.8365350736129047,11,2,14.044423932524928,5120,0.8461984642617955
0.5894553965616869,Advantaged,0.492739048923148,0.22021251101630615,9,0,14.044423932524928,5120,0.7394553965616869
0.462500194061771,Advantaged,0.4018726618172814,0.9276190349711708,9,0,14.044423932524928,5120,0.612500194061771
0.7204990062444695,Advantaged,0.412823822887948,0.8209845722416667,9,0,14.044423932524928,5120,0.8704990062444695
0.5024525444111757,Advantaged,0.23722340659335703,0.4148460820975218,10,1,14.044423932524928,5120,0.6524525444111757
0.6029097685373553,Advantaged,0.6321424838509967,0.029141545259806126,10,1,14.044423932524928,5120,0.7529097685373554
0.7508142368390617,Advantaged,0.9161666100844741,0.04892760184848338,9,1,13.6542306741743,2560,0.9008142368390617
0.6355416587307996,Advantaged,0.5162417310178836,0.19917183100889943,8,0,13.6542306741743,2560,0.7855416587307996
0.60775923803153,Advantaged,0.603311141227738,0.5201142046806768,12,4,13.6542306741743,2560,0.75775923803153
0.5956132718213949,Advantaged,0.944260148645439,0.3421243506979512,9,1,13.6542306741743,2560,0.7456132718213949
0.6543422202265959,Advantaged,0.5859891765655959,0.5330711171675048,9,1,13.6542306741743,2560,0.804342220226596
0.5768107291345563,Advantaged,0.5306083299497615,0.12051317139426757,11,3,13.6542306741743,2560,0.7268107291345564
0.7335663213269561,Advantaged,0.031671194192856106,0.06966232672213249,7,0,13.166243432076536,1280,0.8835663213269561
0.515456649192258,Advantaged,0.3897189183811662,0.5098921519956686,7,0,13.166243432076536,1280,0.665456649192258
0.6237162767584997,Advantaged,0.21980975156149538,0.6578765960227216,16,1,14.819000116288723,327680,0.7737162767584997
0.7326063789745136,Advantaged,0.12315832232403111,0.5423668339867053,13,0,14.672134338968696,81920,0.8826063789745137
0.6603792850870777,Advantaged,0.9888752206316709,0.0065606443063166014,13,0,14.672134338968696,81920,0.8103792850870777
0.7021633925884169,Disadvantaged,0.1305847503546051,0.5572021435587134,12,1,14.528022434825846,20480,0.5521633925884168
0.6566089450943308,Advantaged,0.9787481184747645,0.6410476752807066,11,0,14.528022434825846,20480,0.8066089450943308
0.6993655690563523,Advantaged,0.05219705708774353,0.601649579367327,10,0,14.247810156376232,10240,0.8493655690563523
0.5604308805627846,Advantaged,0.20605537086373094,0.6325780410569772,10,0,14.247810156376232,10240,0.7104308805627846
0.6727399568381036,Advantaged,0.2801795948299102,0.8886476475258928,10,0,14.247810156376232,10240,0.8227399568381036
0.8000919926717008,Advantaged,0.8716635780063787,0.6472867417800245,11,1,14.247810156376232,10240,0.9500919926717009
0.6189660305986849,Advantaged,0.9870854211109343,0.40353541451260744,10,1,13.911949591885861,5120,0.768966030598685
0.8382828182886517,Advantaged,0.6250262210604304,0.8000325144636932,10,1,13.911949591885861,5120,0.9882828182886517
0.6105679102746524,Advantaged,0.652503062271286,0.6491295671095118,11,2,13.911949591885861,5120,0.7605679102746524
0.7952117418528349,Advantaged,0.6379213498231134,0.2596533859336276,11,2,13.911949591885861,5120,0.945211741852835
0.7292139219245306,Advantaged,0.690153391955337,0.6309958573567463,11,2,13.911949591885861,5120,0.8792139219245306
0.5260273468848757,Advantaged,0.17571225294273404,0.7186101273279081,10,2,13.528879118687582,2560,0.6760273468848758
0.6023594866056559,Advantaged,0.9818585649809212,0.3906177850555981,8,0,13.528879118687582,2560,0.7523594866056559
0.5545485091967377,Disadvantaged,0.2764180043563988,0.8593527425604117,8,0,13.528879118687582,2560,0.4045485091967377
0.809680707351351,Advantaged,0.11763229762060355,0.5392448096883609,9,1,13.528879118687582,2560,0.959680707351351
0.6931899728647247,Advantaged,0.4288402274702745,0.7111361689404562,10,2,13.528879118687582,2560,0.8431899728647247
0.39569505664958116,Advantaged,0.12625511618219873,0.5455436717292562,8,0,13.528879118687582,2560,0.5456950566495812
0.6201799273228327,Advantaged,0.21179577120839255,0.5382302683622887,12,0,14.819000116288723,40960,0.7701799273228327
0.5112286913287613,Advantaged,0.8854583223832224,0.08667031367453029,11,0,14.672134338968696,20480,0.6612286913287613
0.6686573537320197,Advantaged,0.6102084886359135,0.7090572747656733,14,3,14.672134338968696,20480,0.8186573537320198
0.7311277193282866,Advantaged,0.04598066831744318,0.9781014478605574,9,0,14.599738127555884,5120,0.8811277193282866
0.685990837040922,Advantaged,0.8306091598140085,0.6999134106054179,9,1,14.179381950260725,2560,0.835990837040922
0.5308883326288739,Advantaged,0.45942122584547085,0.9156468078779029,8,0,14.179381950260725,2560,0.6808883326288739
0.4796894956678961,Advantaged,0.0071379894724310335,0.0840898774534149,10,2,14.179381950260725,2560,0.6296894956678961
0.6819889410121308,Advantaged,0.22234329756289092,0.5522105001452939,8,0,14.179381950260725,2560,0.8319889410121308
0.5978616466700272,Advantaged,0.2533584868880591,0.6025198551696442,8,0,14.179381950260725,2560,0.7478616466700272
0.6584026424969516,Advantaged,0.07440085547735258,0.74243183630931,8,0,14.179381950260725,2560,0.8084026424969516
0.5632973334302833,Disadvantaged,0.29664501586502684,0.6616128797559485,7,0,13.345091659153077,1280,0.4132973334302833
0.7793993831350262,Disadvantaged,0.7189624461875904,0.5952581406306865,7,0,13.345091659153077,1280,0.6293993831350262
0.592581276408183,Disadvantaged,0.41463330322621733,0.363153002488969,7,0,13.345091659153077,1280,0.442581276408183
0.5355690555461552,Advantaged,0.22979508005013108,0.7045518287784184,8,1,13.345091659153077,1280,0.6855690555461552
0.5772342259970576,Advantaged,0.8811373241843461,0.5208389427529101,9,2,13.345091659153077,1280,0.7272342259970577
0.7749376764511134,Disadvantaged,0.7274805611770934,0.5974687610634728,7,0,13.345091659153077,1280,0.6249376764511134
0.5656060843990527,Advantaged,0.7372151864136556,0.535510415708257,9,2,13.345091659153077,1280,0.7156060843990527
0.7650777716261558,Advantaged,0.6866922724588927,0.10162123519839229,10,3,13.345091659153077,1280,0.9150777716261558
0.721741448224531,Advantaged,0.1700401769242069,0.5715638389984674,9,2,13.345091659153077,1280,0.871741448224531
0.4838339479325554,Advantaged,0.1810377024123399,0.5681381801500064,8,1,13.345091659153077,1280,0.6338339479325554
0.5886590377540868,Advantaged,0.33217413178459737,0.7845235415583763,17,5,14.819000116288723,40960,0.7386590377540868
0.6172870859477433,Advantaged,0.5436175856936204,0.9948503710514871,13,2,14.745218991218332,20480,0.7672870859477433
0.7929654735633378,Disadvantaged,0.2528107203462101,0.929528068970027,11,1,14.599738127555884,10240,0.6429654735633378
0.6247521768695048,Advantaged,0.18405015675920938,0.5317101604432628,11,1,14.599738127555884,10240,0.7747521768695048
0.6998575525611452,Advantaged,0.3956567119454863,0.6224616757774754,10,1,14.179381950260725,5120,0.8498575525611453
0.5649869067710729,Advantaged,0.011149689855183758,0.2011030436741346,9,0,14.179381950260725,5120,0.7149869067710729
0.6553882456345455,Advantaged,0.3868844477513073,0.04648589674239765,11,2,14.179381950260725,5120,0.8053882456345455
0.65143565073701,Advantaged,0.1924864948606721,0.4085904674648553,11,2,14.179381950260725,5120,0.8014356507370101
0.6547535807909661,Disadvantaged,0.552253240653411,0.989564235500565,11,2,14.179381950260725,5120,0.5047535807909661
0.6988989607356985,Advantaged,0.3313987066978542,0.8002021616447569,10,1,14.179381950260725,5120,0.8488989607356985
0.7872346127684136,Disadvantaged,0.456521055982008,0.8071536261145841,9,1,13.84662633994484,2560,0.6372346127684135
0.6618731288782348,Disadvantaged,0.7618914867996873,0.6511416611162046,8,0,13.84662633994484,2560,0.5118731288782348
0.5463136726840708,Advantaged,0.6974917627460977,0.7345427679921969,8,0,13.84662633994484,2560,0.6963136726840709
0.6564778413344481,Advantaged,0.6794047947620871,0.5372855729847423,10,2,13.84662633994484,2560,0.8064778413344481
0.7538586322425607,Advantaged,0.6751283131810878,0.7902970683670589,8,0,13.84662633994484,2560,0.9038586322425607
0.5870190776943092,Advantaged,0.1567725157666377,0.5620328036567835,7,0,12.878704059345738,1280,0.7370190776943092
0.6152295518920207,Disadvantaged,0.9426516764461346,0.9899418991353289,7,0,12.878704059345738,1280,0.46522955189202064
0.7145677336852415,Disadvantaged,0.6081391939828497,0.14640523954201953,7,0,12.878704059345738,1280,0.5645677336852415
0.708113554464179,Disadvantaged,0.18178292372106433,0.5606874423518554,7,0,12.878704059345738,1280,0.558113554464179
0.6621848934757383,Advantaged,0.7286291622535895,0.6664372355287979,7,0,12.878704059345738,1280,0.8121848934757383
0.7299083147984534,Advantaged,0.4348865953964455,0.21575432038282172,15,4,14.819000116288723,20480,0.8799083147984534
0.6936395253099714,Advantaged,0.8250879759029184,0.5911318340283165,10,0,14.599738127555884,10240,0.8436395253099714
0.7408454593871837,Advantaged,0.5254399231600283,0.8131793625838128,11,1,14.599738127555884,10240,0.8908454593871837
0.7220574457534932,Advantaged,0.3819941108263288,0.40805544949539785,11,1,14.599738127555884,10240,0.8720574457534932
0.5681571142934472,Advantaged,0.8550321468388412,0.060600737359986376,9,0,14.31688085879078,5120,0.7181571142934472
0.6178525010625757,Advantaged,0.33838378770429806,0.3083288412290945,9,0,14.31688085879078,5120,0.7678525010625757
0.7580678663755535,Advantaged,0.14095267386231294,0.11644645194889079,13,4,14.31688085879078,5120,0.9080678663755535
0.7662046635764003,Advantaged,0.7099089024528231,0.3178655850175138,9,0,14.31688085879078,5120,0.9162046635764003
0.5400658568713196,Advantaged,0.7774736981269028,0.6782453102013328,13,5,13.781903241370497,2560,0.6900658568713196
0.550060668074204,Advantaged,0.3523384921451966,0.13745632653694545,8,0,13.781903241370497,2560,0.700060668074204
0.6604614666517749,Disadvantaged,0.4025290502068489,0.46424294753574685,10,2,13.781903241370497,2560,0.5104614666517748
0.5071635047708736,Advantaged,0.4110088454842086,0.45468272452140734,10,2,13.781903241370497,2560,0.6571635047708736
0.6390183151218847,Advantaged,0.8011642048084432,0.9528401121334984,9,1,13.781903241370497,2560,0.7890183151218847
0.6521641710464656,Advantaged,0.39981701105267775,0.9700651360103463,9,1,13.781903241370497,2560,0.8021641710464656
0.6743252367830919,Disadvantaged,0.14311769264819685,0.7177504927397182,8,0,13.781903241370497,2560,0.5243252367830918
0.6719044475733167,Advantaged,0.4043148558433932,0.4600906447259552,9,1,13.781903241370497,2560,0.8219044475733167
0.39355952298822694,Advantaged,0.8324062046177908,0.5726870097792175,7,0,12.822726008326425,1280,0.543559522988227
0.6925003469369753,Advantaged,0.06959033491951762,0.538051114326102,7,0,12.822726008326425,1280,0.8425003469369753
0.7763282403353582,Advantaged,0.37386794464977746,0.4409755438540724,9,2,12.822726008326425,1280,0.9263282403353582
0.7387947550642306,Disadvantaged,0.10668804136392156,0.37867560844859155,10,3,12.822726008326425,1280,0.5887947550642306
0.782313529269184,Advantaged,0.9178422081680385,0.4255732567100531,11,0,14.819000116288723,20480,0.932313529269184
0.5077219070073654,Advantaged,0.6690646101470425,0.40940272083867396,11,1,14.745218991218332,10240,0.6577219070073654
0.6991107889891222,Advantaged,0.13795000252624354,0.8063228832191756,9,0,14.456979446737355,5120,0.8491107889891222
0.694569711830113,Advantaged,0.5700823954139739,0.700802895593786,9,0,14.456979446737355,5120,0.844569711830113
0.705940080355244,Advantaged,0.7213303787710229,0.3357511117269021,9,0,14.456979446737355,5120,0.855940080355244
0.725396416768862,Advantaged,0.384980957612247,0.21059931544193175,10,1,14.456979446737355,5120,0.875396416768862
0.5175255672157073,Advantaged,0.5365549574990697,0.08196788247725673,8,0,14.044423932524928,2560,0.6675255672157073
0.6564454801488706,Advantaged,0.8496999087342668,0.32756793507796467,9,1,14.044423932524928,2560,0.8064454801488706
0.5136203576590606,Advantaged,0.39098311273788855,0.6545560946282629,8,0,14.044423932524928,2560,0.6636203576590606
0.6869407731800061,Advantaged,0.5522235075848186,0.7018598971230474,8,0,14.044423932524928,2560,0.8369407731800061
0.6038814574163105,Advantaged,0.8341983429327682,0.5051458072049348,8,0,14.044423932524928,2560,0.7538814574163105
0.5397133838148133,Disadvantaged,0.6642410282094254,0.4215681020005963,8,0,14.044423932524928,2560,0.38971338381481324
0.7141351408081362,Disadvantaged,0.9076774932851839,0.7427083718734075,7,0,13.345091659153077,1280,0.5641351408081362
0.6460840219465716,Advantaged,0.9011703031357674,0.326589555392709,7,0,13.345091659153077,1280,0.7960840219465716
0.6029974877785049,Advantaged,0.4009166963836317,0.2647992371667213,8,1,13.345091659153077,1280,0.752997487778505
0.6460032592038388,Advantaged,0.9090698655991264,0.45184352812565753,7,0,13.345091659153077,1280,0.7960032592038389
0.7194836500239568,Advantaged,0.559836928738485,0.2622944254170992,7,0,13.345091659153077,1280,0.8694836500239568
0.6417753748738386,Advantaged,0.03110362327801277,0.006834045342118734,9,2,13.345091659153077,1280,0.7917753748738386
0.5761299280083518,Advantaged,0.3880069740151347,0.2251049128849875,7,0,13.345091659153077,1280,0.7261299280083519
0.7880852943505288,Advantaged,0.728149225124487,0.48974914828880656,11,4,13.345091659153077,1280,0.9380852943505288
0.6743952778911934,Advantaged,0.1580414485675167,0.2522350676133024,13,0,14.819000116288723,81920,0.8243952778911934
0.9106744355608127,Advantaged,0.34344769677087034,0.10413965095756622,13,2,14.745218991218332,20480,1
0.617073985726125,Advantaged,0.7660491635805153,0.5577613180039904,12,3,14.528022434825846,5120,0.7670739857261251
0.6914023243415944,Advantaged,0.4188859436744407,0.39985520213805326,11,2,14.528022434825846,5120,0.8414023243415945
0.5665411208604867,Advantaged,0.6765732756324706,0.9787916579441311,9,0,14.528022434825846,5120,0.7165411208604867
0.7375157375190797,Advantaged,0.6604991881686508,0.24539070083314915,8,0,13.6542306741743,2560,0.8875157375190798
0.8189022458266444,Advantaged,0.3409059511587969,0.46154196728692753,8,0,13.6542306741743,2560,0.9689022458266444
0.5367040682324656,Advantaged,0.7634482284479622,0.3908361400586474,8,0,13.6542306741743,2560,0.6867040682324657
0.5556155630026856,Advantaged,0.8317688112668415,0.3011098151021076,8,0,13.6542306741743,2560,0.7056155630026856
0.6980138269944749,Advantaged,0.85027931331175,0.0403226796961598,8,0,13.6542306741743,2560,0.8480138269944749
0.7149099695688595,Advantaged,0.16043465331414558,0.2328038576999633,8,0,13.6542306741743,2560,0.8649099695688596
0.667564261100893,Advantaged,0.29318217857884454,0.5565113673329501,8,0,13.6542306741743,2560,0.817564261100893
0.70722008478652,Advantaged,0.0817314076969465,0.8905936900737107,9,1,13.6542306741743,2560,0.85722008478652
0.5115013995795037,Advantaged,0.17006874681955472,0.9898284643874573,8,0,13.6542306741743,2560,0.6615013995795037
0.7012680280061215,Advantaged,0.12772520856968875,0.23367676735433998,8,0,13.6542306741743,2560,0.8512680280061216
0.5599376206016016,Advantaged,0.06516376180592832,0.11588197706651815,8,0,13.6542306741743,2560,0.7099376206016016
0.6952100130015563,Advantaged,0.24665495258783784,0.3156526818053695,8,0,13.6542306741743,2560,0.8452100130015563
0.8105141931434673,Disadvantaged,0.50980593287386,0.3022659295493394,11,3,13.6542306741743,2560,0.6605141931434673
0.8077219082185476,Advantaged,0.737436126399813,0.8402355564596011,10,3,12.93518462079269,1280,0.9577219082185476
0.7024440325666268,Advantaged,0.5668735835464922,0.3450384719554446,7,0,12.93518462079269,1280,0.8524440325666268
0.5163759251903839,Advantaged,0.31631386511500426,0.4863323752909658,10,0,14.528022434825846,10240,0.6663759251903839
0.5004777273313928,Advantaged,0.6674321474419416,0.7953519389827953,11,1,14.528022434825846,10240,0.6504777273313929
0.7227478018730094,Advantaged,0.8538938133134066,0.7206087046898253,11,1,14.528022434825846,10240,0.8727478018730094
0.5953715529680484,Advantaged,0.2595768663765798,0.767033093118929,11,1,14.528022434825846,10240,0.7453715529680485
0.49370591378958745,Advantaged,0.32235460573533986,0.48811967143052215,10,0,14.528022434825846,10240,0.6437059137895874
0.6474741775287448,Advantaged,0.8679196372922436,0.6842183083126702,12,3,14.456979446737355,5120,0.7974741775287448
0.5391840277087768,Advantaged,0.33299138823255375,0.12128567218141104,8,0,14.179381950260725,2560,0.6891840277087768
0.7312401594640341,Advantaged,0.13707337491283778,0.5551136281939029,8,0,14.179381950260725,2560,0.8812401594640341
0.6742430482176344,Advantaged,0.1653163667133458,0.023899518086607403,8,0,14.179381950260725,2560,0.8242430482176344
0.7901130683648774,Advantaged,0.6853983169108796,0.8021423592815982,10,2,14.179381950260725,2560,0.9401130683648774
0.69446508549415,Advantaged,0.9242641399776683,0.3970739414975677,11,4,13.345091659153077,1280,0.84446508549415
0.5219733050581123,Disadvantaged,0.25175695361879963,0.6642534695067606,8,1,13.345091659153077,1280,0.3719733050581123
0.5718856442144916,Disadvantaged,0.8641190731385955,0.7111337533850798,8,1,13.345091659153077,1280,0.4218856442144916
0.7206492439505704,Advantaged,0.18804254952646718,0.18241728396984327,9,2,13.345091659153077,1280,0.8706492439505704
0.6387496452144644,Advantaged,0.9563855928095494,0.41289442376956453,9,2,13.345091659153077,1280,0.7887496452144644
0.5552687692096764,Disadvantaged,0.37637906810106586,0.8033635010143547,8,1,13.345091659153077,1280,0.40526876920967636
0.5429670516234469,Advantaged,0.4296868483950639,0.9881571368047903,9,2,13.345091659153077,1280,0.692967051623447
0.6196535248124093,Advantaged,0.5937267255468933,0.6826673511807246,8,1,13.345091659153077,1280,0.7696535248124093
0.5844016370886386,Advantaged,0.015080585888128228,0.14356116408862138,7,0,13.345091659153077,1280,0.7344016370886386
0.43399967648598903,Advantaged,0.012010048487598995,0.1846996212021369,8,1,13.345091659153077,1280,0.583999676485989
0.6213476543887487,Advantaged,0.6465226459914624,0.12264932315235968,16,4,14.819000116288723,40960,0.7713476543887487
0.67263125150042,Advantaged,0.9461668233343155,0.34996611801953753,12,2,14.745218991218332,10240,0.82263125150042
0.670538727097781,Advantaged,0.9412299152208835,0.3353751877806988,12,3,14.599738127555884,5120,0.820538727097781
0.7613519701599014,Advantaged,0.06422473292158389,0.11558197149705718,13,4,14.599738127555884,5120,0.9113519701599014
0.546778994356244,Advantaged,0.8900590446147494,0.7295955953243842,8,0,14.386601455674894,2560,0.696778994356244
0.6029141043129141,Advantaged,0.3746159975915054,0.07578455977633003,8,0,14.386601455674894,2560,0.7529141043129142
0.4533683939754062,Advantaged,0.8696245334646318,0.8485309002603595,10,2,14.386601455674894,2560,0.6033683939754062
0.6365577980171012,Advantaged,0.3480226599938,0.726487893316969,8,1,13.591268013328797,1280,0.7865577980171012
0.830402222791902,Advantaged,0.23310825502064395,0.4645728330111678,8,1,13.591268013328797,1280,0.980402222791902
0.6891465284318625,Advantaged,0.4046906128975178,0.05920518810318699,7,0,13.591268013328797,1280,0.8391465284318625
0.6758826937635869,Advantaged,0.858836127208796,0.8442866687294541,9,2,13.591268013328797,1280,0.8258826937635869
0.7416966608133373,Advantaged,0.10147324341710713,0.28533066812536645,10,3,13.591268013328797,1280,0.8916966608133373
0.7170347620183725,Advantaged,0.12455532404904565,0.06057326494141561,7,0,13.591268013328797,1280,0.8670347620183725
0.4216862568038972,Advantaged,0.5593611023641326,0.7073480891902463,7,0,13.591268013328797,1280,0.5716862568038972
0.8115996104707691,Advantaged,0.6635736544484467,0.10924015226495912,7,0,13.591268013328797,1280,0.9615996104707691
0.5833748708733563,Advantaged,0.9241714422621148,0.1919961827610207,9,2,13.591268013328797,1280,0.7333748708733563
0.4417690504622094,Advantaged,0.03374531903461697,0.1250971463284182,7,0,13.591268013328797,1280,0.5917690504622094
0.6510438755783508,Advantaged,0.12135788573841774,0.6544853706522127,7,0,13.591268013328797,1280,0.8010438755783508
0.6506682943023615,Advantaged,0.560151026776496,0.3824468148103104,7,0,13.591268013328797,1280,0.8006682943023615
0.7657966144301885,Disadvantaged,0.11897565114928123,0.7337377193309738,6,0,12.712255720128974,640,0.6157966144301885
0.8229510393107368,Advantaged,0.06140556864658213,0.26003045507298955,12,1,14.819000116288723,20480,0.9729510393107368
0.7013161150452776,Advantaged,0.31797100756252505,0.8200261794964305,10,0,14.672134338968696,10240,0.8513161150452776
0.68963289287515706,Disadvantaged,0.33823915819906214,0.053521209037329875,13,3,14.672134338968696,10240,0.539632892875157
0.622292489323175,Advantaged,0.5980088814585678,0.02688060686529721,11,2,14.528022434825846,5120,0.7722924893231751
0.5695767014416793,Advantaged,0.12395738338616061,0.30181353445401166,12,3,14.528022434825846,5120,0.7195767014416793
0.5818971267291971,Advantaged,0.14649340950314013,0.6722978113094039,8,0,14.247810156376232,2560,0.7318971267291972
0.5431502665360194,Advantaged,0.24532072671888333,0.48642180869888646,8,0,14.247810156376232,2560,0.6931502665360194
0.5668565510076039,Advantaged,0.14289412480334182,0.6783943049486875,8,0,14.247810156376232,2560,0.7168565510076039
0.6614112504196189,Disadvantaged,0.5367007916700558,0.6304291559404124,9,1,14.247810156376232,2560,0.5114112504196189
0.5808481368764941,Advantaged,0.06608434335273038,0.679167859414963,10,3,13.84662633994484,1280,0.7308481368764941
0.6268840502674631,Disadvantaged,0.6643683723977939,0.01588146870177406,7,0,13.84662633994484,1280,0.47688405026746306
0.5943480477039972,Advantaged,0.8860883369835659,0.2310237937041591,8,1,13.84662633994484,1280,0.7443480477039972
0.5464507397623208,Advantaged,0.20710677597602248,0.8014265183551673,7,0,13.84662633994484,1280,0.6964507397623209
0.4971915062364441,Advantaged,0.2032690020347598,0.8130236144701195,7,0,13.84662633994484,1280,0.6471915062364441
0.786121689998856,Advantaged,0.7148016482482743,0.888741866172296,8,1,13.84662633994484,1280,0.936121689998856
0.5333710417730256,Advantaged,0.3509693180607048,0.7688037489195684,8,2,12.767245020786307,640,0.6833710417730257
0.6157799828256422,Advantaged,0.5917359280298042,0.04894815884942921,6,0,12.767245020786307,640,0.7657799828256422
0.5931490419708481,Advantaged,0.846458791954378,0.5289075007344786,7,1,12.767245020786307,640,0.7431490419708481
0.624419161594932,Disadvantaged,0.4627185949374602,0.22922155150300386,7,1,12.767245020786307,640,0.474419161594932
0.5873715179345779,Advantaged,0.38360689017824384,0.7940089351437356,7,1,12.767245020786307,640,0.7373715179345779
0.7408168692373951,Advantaged,0.9464874343126456,0.33819390508920805,18,3,14.819000116288723,327680,0.8908168692373951
0.7054801778730135,Advantaged,0.22086227720195606,0.023912534746688918,12,0,14.745218991218332,40960,0.8554801778730136
0.5901135157978327,Advantaged,0.8164000832614725,0.4376420546137723,11,1,14.528022434825846,10240,0.7401135157978327
0.6108850822663565,Advantaged,0.5986517366063573,0.8961982690805653,10,0,14.528022434825846,10240,0.7608850822663565
0.5977181857554239,Disadvantaged,0.9487105525186776,0.33480147666654625,12,2,14.528022434825846,10240,0.4477181857554239
0.559580788387283,Advantaged,0.1540609049073314,0.1182803658407126,9,0,14.111588942238917,5120,0.709580788387283
0.5562063577204942,Advantaged,0.8817167278397736,0.41244391035937256,9,0,14.111588942238917,5120,0.7062063577204942
0.6881223873745586,Advantaged,0.02248480136677697,0.24448703070963498,10,1,14.111588942238917,5120,0.8381223873745586
0.6320379476818955,Advantaged,0.31209746030256597,0.14113891343539814,10,1,14.111588942238917,5120,0.7820379476818955
0.6012250802318916,Advantaged,0.507938252611373,0.15871627991486212,9,0,14.111588942238917,5120,0.7512250802318916
0.7033977052911378,Advantaged,0.0399871906578374,0.4947396084742704,10,1,14.111588942238917,5120,0.8533977052911378
0.7546550646509667,Advantaged,0.9929471861128579,0.6537675065050986,11,3,13.717773566204011,2560,0.9046550646509667
0.6120050036149604,Advantaged,0.22243832024184998,0.4174322251517752,9,1,13.717773566204011,2560,0.7620050036149604
0.6616567656894625,Advantaged,0.07838390182717635,0.1819806705490774,9,1,13.717773566204011,2560,0.8116567656894625
0.5352121073427046,Advantaged,0.2837541322467098,0.19974719513837824,11,3,13.717773566204011,2560,0.6852121073427047
0.7639161132021479,Disadvantaged,0.6279792219483809,0.2181147276087947,8,0,13.717773566204011,2560,0.6139161132021479
0.7634639014666575,Advantaged,0.49203524681674643,0.14983221969627475,8,0,13.717773566204011,2560,0.9134639014666576
0.6870040643194575,Advantaged,0.12552728784034278,0.8412638248896588,7,0,13.22532078750519,1280,0.8370040643194575
0.39811461466306175,Advantaged,0.06887994380320298,0.175948446035033,8,1,13.22532078750519,1280,0.5481146146630618
0.7029526355690894,Disadvantaged,0.12263117271674732,0.01303042181586819,10,3,13.22532078750519,1280,0.5529526355690894
0.845614129745466,Advantaged,0.9721965454055451,0.26945827112171744,17,1,14.819000116288723,655360,0.995614129745466
0.6446227711532302,Advantaged,0.9590942166694695,0.2516909397336937,14,1,14.745218991218332,81920,0.7946227711532302
0.69738231879403,Advantaged,0.2584444125697239,0.7109841337144857,11,0,14.672134338968696,20480,0.84738231879403
0.5661836445309323,Advantaged,0.26949289362108453,0.8027387225377229,10,0,14.528022434825846,10240,0.7161836445309323
0.6400761379309005,Advantaged,0.5351414661912424,0.8992754425158475,12,2,14.528022434825846,10240,0.7900761379309005
0.5552640321672737,Advantaged,0.5244096589404441,0.8877263211886125,10,1,14.386601455674894,5120,0.7052640321672737
0.6878846463505379,Advantaged,0.649286077993769,0.587765997230534,11,2,14.386601455674894,5120,0.8378846463505379
0.5679847454913771,Advantaged,0.5038542515373515,0.560471117023879,9,1,13.781903241370497,2560,0.7179847454913771
0.6783273064985598,Advantaged,0.02748654152044276,0.4704164344381856,8,0,13.781903241370497,2560,0.8283273064985598
0.5273961232504221,Advantaged,0.06857219250497423,0.03231160427948729,8,0,13.781903241370497,2560,0.6773961232504221
0.6276702568196922,Advantaged,0.6975333956348251,0.4842119385889124,8,0,13.781903241370497,2560,0.7776702568196923
0.5925263523469325,Advantaged,0.9685495991864478,0.3412923201517809,9,1,13.781903241370497,2560,0.7425263523469325
0.7822892198351691,Disadvantaged,0.5302665391218714,0.44202473026987593,9,1,13.781903241370497,2560,0.6322892198351691
0.5943798577268711,Disadvantaged,0.751676198084658,0.4389433522606778,9,1,13.781903241370497,2560,0.44437985772687105
0.7645253688404825,Advantaged,0.5888362865042479,0.8896450245549059,9,1,13.781903241370497,2560,0.9145253688404825
0.7500187430558923,Disadvantaged,0.3310207369406036,0.21504556937305377,10,2,13.781903241370497,2560,0.6000187430558923
0.6377515046010737,Disadvantaged,0.34370835176993403,0.20966238077655808,7,0,13.284934873145755,1280,0.48775150460107364
0.6985326435980688,Disadvantaged,0.5825313040882405,0.10588936963980435,7,0,13.284934873145755,1280,0.5485326435980687
0.4594096761824002,Advantaged,0.44101698449418986,0.32959140148894184,7,0,13.284934873145755,1280,0.6094096761824002
0.6346190845929014,Disadvantaged,0.07433573252855064,0.014124964381248427,7,0,13.284934873145755,1280,0.4846190845929014
0.7786672456680478,Advantaged,0.8366805703115108,0.5768420653862517,17,1,14.819000116288723,655360,0.9286672456680478
0.6253816276536476,Advantaged,0.840953316414423,0.3217880958760741,12,0,14.745218991218332,40960,0.7753816276536476
0.5951186465218002,Advantaged,0.09254285889047556,0.7779052506145367,11,0,14.672134338968696,20480,0.7451186465218003
0.6259344089534296,Disadvantaged,0.28826243476247165,0.9556587623624567,10,0,14.528022434825846,10240,0.47593440895342953
0.6220729548223258,Advantaged,0.8249986390803306,0.34349001774365145,10,0,14.528022434825846,10240,0.7720729548223259
0.7470460586040633,Advantaged,0.5332182150158049,0.1763731499540791,11,2,14.31688085879078,5120,0.8970460586040633
0.4635034881215696,Advantaged,0.6126912971402505,0.2574231427728166,9,0,14.31688085879078,5120,0.6135034881215696
0.7384249365813259,Advantaged,0.7936778353209797,0.43406073201971307,10,1,14.31688085879078,5120,0.8884249365813259
0.6499714388630009,Advantaged,0.6249826608448109,0.8693942631970146,9,1,14.179381950260725,2560,0.7999714388630009
0.7999215112431002,Disadvantaged,0.2830713702984321,0.9526868411223983,9,1,14.179381950260725,2560,0.6499215112431002
0.7232021577606672,Advantaged,0.16760687266745194,0.08306105187121057,8,1,13.467057610920294,1280,0.8732021577606672
0.6453570428124795,Advantaged,0.9266303098211482,0.1479054942150225,7,0,13.467057610920294,1280,0.7953570428124795
0.5496841638978972,Advantaged,0.6924113090038856,0.14594007397547773,7,0,13.467057610920294,1280,0.6996841638978972
0.6769820912981727,Advantaged,0.6828546898441843,0.26151890812478773,9,2,13.467057610920294,1280,0.8269820912981727
0.5764306674383821,Disadvantaged,0.07266615869579328,0.7778038717447248,7,0,13.467057610920294,1280,0.4264306674383821
0.5750860000141765,Advantaged,0.5607607351750394,0.1758901817974315,9,2,13.467057610920294,1280,0.7250860000141766
0.6124952222640221,Advantaged,0.6421981455945869,0.9041759455657624,8,1,13.467057610920294,1280,0.7624952222640221
0.7702455749098784,Advantaged,0.8666116411413126,0.3036796087260122,7,0,13.467057610920294,1280,0.9202455749098785
0.5634875420288458,Advantaged,0.18848819333008163,0.0999522175957259,8,1,13.467057610920294,1280,0.7134875420288458
0.5686161390170279,Advantaged,0.5201678203745509,0.2795639350229587,7,0,13.467057610920294,1280,0.7186161390170279
0.5818292929400934,Advantaged,0.20266453828894307,0.9786718135261769,14,0,14.819000116288723,163840,0.7318292929400935
0.5750422115677509,Advantaged,0.11782415389588373,0.2792984544454763,12,1,14.745218991218332,20480,0.725042211567751
0.654690265838174,Advantaged,0.5196561585365799,0.6336685328012267,12,2,14.386601455674894,10240,0.804690265838174
0.6614906163111479,Advantaged,0.8604845154291455,0.6786874900722589,10,0,14.386601455674894,10240,0.8114906163111479
0.6323220684869495,Advantaged,0.6743872597945659,0.007277935395823486,10,0,14.386601455674894,10240,0.7823220684869495
0.5274175311809266,Advantaged,0.7702546842171537,0.6329786007174416,10,0,14.386601455674894,10240,0.6774175311809266
0.6031269088855973,Advantaged,0.6988017392421225,0.017967409917630663,10,0,14.386601455674894,10240,0.7531269088855973
0.7673942985462209,Advantaged,0.5103957942543338,0.6452929464293949,9,0,14.111588942238917,5120,0.9173942985462209
0.5592587404324495,Advantaged,0.22577722840340095,0.9582013571878145,10,1,14.111588942238917,5120,0.7092587404324495
0.6618521295140343,Advantaged,0.9351951432975,0.8781765457567069,13,4,14.111588942238917,5120,0.8118521295140343
0.7527203438111094,Advantaged,0.8122533595801067,0.6176104835739628,12,3,14.111588942238917,5120,0.9027203438111094
0.7487582937779333,Disadvantaged,0.5752852670315524,0.08990737271787072,8,0,13.591268013328797,2560,0.5987582937779333
0.6157532080852063,Advantaged,0.9505713524016557,0.4511764745485149,12,4,13.591268013328797,2560,0.7657532080852063
0.7115287465205786,Advantaged,0.2642919041496697,0.5828264702484475,10,2,13.591268013328797,2560,0.8615287465205786
0.8058427408064754,Disadvantaged,0.6062192880254313,0.27338723014618516,8,0,13.591268013328797,2560,0.6558427408064754
0.5410491084006114,Advantaged,0.19443268608996897,0.45939273086714727,9,1,13.591268013328797,2560,0.6910491084006114
0.5200749110552575,Advantaged,0.8886952576405874,0.5551117755535212,8,0,13.591268013328797,2560,0.6700749110552575
0.6555620342994629,Advantaged,0.30117841005158513,0.7710522835905113,9,1,13.591268013328797,2560,0.8055620342994629
0.5973034688582406,Advantaged,0.34945935898214875,0.7155850926838092,9,1,13.591268013328797,2560,0.7473034688582406
0.5214620314563689,Advantaged,0.4703259717856084,0.7810023510562191,8,1,12.93518462079269,1280,0.671462031456369
0.6041542792327813,Advantaged,0.46812429736757566,0.9905361983698066,12,0,14.819000116288723,40960,0.7541542792327813
0.4884894135584784,Advantaged,0.9809681920529302,0.9887088626537435,9,0,14.599738127555884,5120,0.6384894135584784
0.5679887140632288,Advantaged,0.4573349176514523,0.8782853859011084,11,2,14.599738127555884,5120,0.7179887140632288
0.4951944117092215,Advantaged,0.5006939552432454,0.4582964815766972,11,2,14.599738127555884,5120,0.6451944117092215
0.6984855832542738,Disadvantaged,0.65649027170252,0.514389519622568,10,2,13.911949591885861,2560,0.5484855832542738
0.5319867529318533,Advantaged,0.9579935592613114,0.012774573723595608,8,0,13.911949591885861,2560,0.6819867529318533
0.6730143871765574,Advantaged,0.6689008099515806,0.7880852056947533,8,0,13.911949591885861,2560,0.8230143871765574
0.6743107075930925,Advantaged,0.26405041546106744,0.7379280082992653,8,0,13.911949591885861,2560,0.8243107075930926
0.5485028540274992,Disadvantaged,0.06759927761323974,0.06485104639041446,9,1,13.911949591885861,2560,0.3985028540274992
0.7135760919737992,Disadvantaged,0.13084562964371374,0.9814957395272413,10,2,13.911949591885861,2560,0.5635760919737992
0.779328711828862,Advantaged,0.658359477275621,0.5109947521751514,12,4,13.911949591885861,2560,0.929328711828862
0.7594667171663103,Advantaged,0.22417642171401994,0.29176070918421726,8,0,13.911949591885861,2560,0.9094667171663103
0.3847340854134733,Advantaged,0.24801991449145425,0.8539451317055456,8,0,13.911949591885861,2560,0.5347340854134733
0.7522242260266778,Advantaged,0.9592339606626673,0.007528760359247229,8,0,13.911949591885861,2560,0.9022242260266778
0.71442696521791,Advantaged,0.5788334136010977,0.8268513986377499,7,0,13.467057610920294,1280,0.8644269652179101
0.7447839772008421,Advantaged,0.18219138562924864,0.7963901038365022,7,0,13.467057610920294,1280,0.8947839772008421
0.6199932801968079,Disadvantaged,0.6413013682983334,0.8635267457201966,9,2,13.467057610920294,1280,0.46999328019680786
0.5333452500727228,Advantaged,0.5125014119079587,0.9744629001856517,7,0,13.467057610920294,1280,0.6833452500727228
0.6077266022427025,Advantaged,0.9418785747091994,0.8540341912198868,9,2,13.467057610920294,1280,0.7577266022427025
0.6039404643752513,Advantaged,0.7768844079599247,0.7620738926957551,12,5,13.467057610920294,1280,0.7539404643752513
0.6966033146146108,Advantaged,0.009702363944570743,0.6905871306369962,12,2,14.745218991218332,10240,0.8466033146146108
0.7598913668685103,Advantaged,0.321274978573207,0.5906184931269463,10,0,14.745218991218332,10240,0.9098913668685104
0.5691868046888766,Advantaged,0.2892070153440854,0.7624849630994676,9,0,14.672134338968696,5120,0.7191868046888766
0.7416710048951171,Disadvantaged,0.5470547836079304,0.8555851278360933,8,0,14.528022434825846,2560,0.591671004895117
0.5720528669067412,Advantaged,0.1628333062572933,0.6221970683867251,12,4,14.528022434825846,2560,0.7220528669067412
0.748029657062653,Advantaged,0.23029687266509555,0.6395719456752827,9,2,13.97787981823327,1280,0.898029657062653
0.614339788383984,Advantaged,0.16757994495327608,0.060073956805489846,7,0,13.97787981823327,1280,0.764339788383984
0.7099392836913869,Disadvantaged,0.37508296969564475,0.9314526442174258,9,2,13.97787981823327,1280,0.5599392836913869
0.8052781520509643,Advantaged,0.20760982120363275,0.05135877569558201,7,0,13.97787981823327,1280,0.9552781520509643
0.5688119409310171,Advantaged,0.6231450075561653,0.5886058680161796,7,0,13.97787981823327,1280,0.7188119409310171
0.6499478946628588,Disadvantaged,0.45883543119158837,0.6216793613211803,8,1,13.97787981823327,1280,0.4999478946628588
0.5330255773893552,Advantaged,0.7869814861396708,0.2975558996911795,12,5,13.97787981823327,1280,0.6830255773893552
0.5538423253176266,Advantaged,0.4301251740732337,0.12189845471360272,9,2,13.97787981823327,1280,0.7038423253176266
0.6693588899954169,Advantaged,0.009825223945637247,0.6899116093614857,9,3,13.284934873145755,640,0.819358889995417
0.4443849736286436,Advantaged,0.06016650998881504,0.6262692016820465,6,0,13.284934873145755,640,0.5943849736286436
0.605104234979395,Advantaged,0.08702160951343195,0.640778969352444,10,4,13.284934873145755,640,0.755104234979395
0.6513310102630677,Advantaged,0.4032838770306544,0.9184080161124153,6,0,13.284934873145755,640,0.8013310102630677
0.6930158460112096,Advantaged,0.1079493900262913,0.09710687754295805,6,0,13.284934873145755,640,0.8430158460112096
0.503356011489665,Advantaged,0.6207896160825958,0.4436882591055734,11,5,13.284934873145755,640,0.653356011489665
0.5871766490258786,Advantaged,0.09274776363675831,0.6507532304067127,9,3,13.284934873145755,640,0.7371766490258786
0.6846111062327832,Advantaged,0.04795437576295576,0.9626538656531505,13,0,14.819000116288723,81920,0.8346111062327832
0.7198080662516745,Advantaged,0.6473606671334073,0.7176289989946605,12,1,14.745218991218332,20480,0.8698080662516745
0.659100167615462,Advantaged,0.8116880357149636,0.5297158148559042,10,0,14.456979446737355,10240,0.809100167615462
0.6703890143514997,Advantaged,0.8806958386213496,0.7348125790041959,10,0,14.456979446737355,10240,0.8203890143514997
0.5838440742607247,Advantaged,0.49806233179241194,0.5912525696130887,11,1,14.456979446737355,10240,0.7338440742607247
0.6821090705502939,Advantaged,0.9836047542645174,0.11505717151816842,13,3,14.456979446737355,10240,0.8321090705502939
0.6896914082716975,Advantaged,0.8045591921661401,0.897714104650505,10,1,14.386601455674894,5120,0.8396914082716975
0.7506061691031529,Advantaged,0.6605147556957802,0.47636480605581877,8,0,13.781903241370497,2560,0.9006061691031529
0.611585733516515,Advantaged,0.5054622823024975,0.5814816379729677,12,4,13.781903241370497,2560,0.761585733516515
0.7152068457179488,Advantaged,0.1420229981741428,0.07009370194456138,9,1,13.781903241370497,2560,0.8652068457179488
0.6456493862090693,Advantaged,0.5354710194961033,0.6942429454181696,8,0,13.781903241370497,2560,0.7956493862090693
0.5848266061986314,Advantaged,0.5037791422644714,0.5862390893854349,10,2,13.781903241370497,2560,0.7348266061986314
0.7221737250659452,Advantaged,0.26020825368732176,0.13912108931366116,8,0,13.781903241370497,2560,0.8721737250659453
0.610490809910445,Advantaged,0.23983785929274168,0.08932800202593394,9,1,13.781903241370497,2560,0.760490809910445
0.8763580722527726,Advantaged,0.03873701707983566,0.9663320063990981,9,1,13.781903241370497,2560,1
0.7816926359896335,Advantaged,0.01647539173753293,0.6657683516711238,8,0,13.781903241370497,2560,0.9316926359896335
0.6362191007490083,Disadvantaged,0.3771207447972297,0.4595861585558258,7,0,13.284934873145755,1280,0.4862191007490083
0.699516408039393,Advantaged,0.5372133732585709,0.3330180577711383,8,1,13.284934873145755,1280,0.849516408039393
0.7854068496409579,Advantaged,0.8739807777030311,0.8175198966069657,9,2,13.284934873145755,1280,0.9354068496409579
0.40690188532185007,Advantaged,0.1441445777642156,0.0849436682831978,7,0,13.284934873145755,1280,0.55690188532185
0.7864657194967704,Advantaged,0.10731028395691025,0.3965217297252694,15,1,14.819000116288723,163840,0.9364657194967704
0.4981555842515165,Advantaged,0.13536691170681583,0.3908762418739127,11,1,14.386601455674894,10240,0.6481555842515165
0.6115875929331835,Advantaged,0.15790500507263736,0.5580973962358945,12,2,14.386601455674894,10240,0.7615875929331836
0.7573449719714249,Disadvantaged,0.36864031537607383,0.03329103118948527,10,0,14.386601455674894,10240,0.6073449719714249
0.7783488398886962,Disadvantaged,0.877419280095619,0.6887683432991732,11,1,14.386601455674894,10240,0.6283488398886962
0.46148430282507125,Advantaged,0.705744071902976,0.2934310561606651,12,2,14.386601455674894,10240,0.6114843028250713
0.6163452258334566,Advantaged,0.15004275728072694,0.3862326929220624,10,0,14.386601455674894,10240,0.7663452258334567
0.6865766394612897,Advantaged,0.18242489115974464,0.03654017653872273,9,0,14.247810156376232,5120,0.8365766394612897
0.6577577830561376,Advantaged,0.8435531413919334,0.4010755847884685,9,0,14.247810156376232,5120,0.8077577830561377
0.576577986614328,Advantaged,0.4587221951467166,0.6415768167587803,8,0,13.717773566204011,2560,0.726577986614328
0.7074615646674556,Advantaged,0.5491359428124993,0.6984867670953236,8,0,13.717773566204011,2560,0.8574615646674556
0.5901016199240536,Advantaged,0.9561418017479059,0.7704486762039104,8,0,13.717773566204011,2560,0.7401016199240537
0.7035718106638992,Advantaged,0.8627556259419529,0.7381105499680326,8,0,13.717773566204011,2560,0.8535718106638992
0.6883557888868608,Advantaged,0.23697423994707975,0.5750612506066074,9,1,13.717773566204011,2560,0.8383557888868608
0.5256716778956008,Advantaged,0.1359979465617729,0.38480048826362806,8,0,13.717773566204011,2560,0.6756716778956008
0.51258080841984,Advantaged,0.6140619100926361,0.8297504943063418,9,1,13.717773566204011,2560,0.66258080841984
0.7014802968643331,Advantaged,0.11002742092644065,0.3817480934612379,14,6,13.717773566204011,2560,0.8514802968643331
0.625728090402298,Advantaged,0.16421770739985345,0.7100627988481903,7,0,13.049675420908185,1280,0.7757280904022981
0.6020335925528052,Advantaged,0.08905595226273572,0.44790086159088754,7,0,13.049675420908185,1280,0.7520335925528052
0.5890915478759392,Advantaged,0.461717007802197,0.18460982150759606,9,2,13.049675420908185,1280,0.7390915478759392
0.7172216075200216,Advantaged,0.5716641994577772,0.32696940176378914,15,2,14.819000116288723,81920,0.8672216075200216
0.502538541471374,Advantaged,0.014769210911064005,0.8268548088606947,12,3,14.672134338968696,5120,0.652538541471374
0.7654813474484798,Disadvantaged,0.0448614135071802,0.6865290448600102,9,0,14.672134338968696,5120,0.6154813474484798
0.661774148325233,Advantaged,0.5584325872197172,0.7154103197952019,8,0,14.528022434825846,2560,0.811774148325233
0.5810277421071751,Advantaged,0.25927659133634534,0.42553864112610357,8,0,14.528022434825846,2560,0.7310277421071751
0.49395298536596427,Advantaged,0.9284772297694112,0.6675232520757882,7,0,13.911949591885861,1280,0.6439529853659642
0.6181860505945204,Advantaged,0.1890279697984068,0.7121225168004132,7,0,13.911949591885861,1280,0.7681860505945204
0.7928545670129196,Advantaged,0.820626195245631,0.6732450296618138,7,0,13.911949591885861,1280,0.9428545670129196
0.7140635894819329,Advantaged,0.9602042721301799,0.011204717907850718,7,0,13.911949591885861,1280,0.864063589481933
0.6491163966340147,Advantaged,0.6879726947651277,0.013057019664623325,9,2,13.911949591885861,1280,0.7991163966340147
0.6584650357333018,Advantaged,0.8324686598289869,0.4654790954942356,7,0,13.911949591885861,1280,0.8084650357333019
0.7398977875474662,Advantaged,0.01988425418915255,0.5845508305552828,12,5,13.911949591885861,1280,0.8898977875474662
0.6026307051262713,Advantaged,0.9713365629718487,0.6132304157218456,7,0,13.911949591885861,1280,0.7526307051262713
0.7091505295723974,Advantaged,0.41443147653231943,0.40363966973512366,8,1,13.911949591885861,1280,0.8591505295723975
0.645453971300294,Advantaged,0.7509288659599606,0.7111073978064554,7,1,12.65775279906659,640,0.795453971300294
0.6391201561686314,Advantaged,0.04805419497557948,0.4255259358903291,6,0,12.65775279906659,640,0.7891201561686314
0.864436963231682,Advantaged,0.6734683118999208,0.12015306323868645,8,2,12.65775279906659,640,1
0.7245250376948497,Disadvantaged,0.2529732937465853,0.4202381629990275,6,0,12.65775279906659,640,0.5745250376948496
0.5279489424993651,Advantaged,0.3133526175915361,0.9677746505719791,6,0,12.65775279906659,640,0.6779489424993651
0.5730523115259843,Advantaged,0.516174263050965,0.7812055121952047,6,0,12.65775279906659,640,0.7230523115259844
0.5526664478839928,Advantaged,0.7422217539898514,0.2526736212697399,13,0,14.819000116288723,81920,0.7026664478839928
0.7029167928044111,Advantaged,0.374102837413049,0.4766901693091408,12,1,14.745218991218332,20480,0.8529167928044111
0.6605115821428736,Advantaged,0.013122193557001761,0.4929572616991082,11,1,14.599738127555884,10240,0.8105115821428737
0.755349708684623,Advantaged,0.663547663773359,0.7441759624933147,11,1,14.599738127555884,10240,0.9053497086846231
0.6493628484665886,Advantaged,0.5399532110085109,0.9145387258468687,10,1,14.456979446737355,5120,0.7993628484665887
0.6344445553275104,Advantaged,0.555068843257822,0.6498707334478548,9,0,14.456979446737355,5120,0.7844445553275105
0.7635748305618214,Advantaged,0.052094383190724236,0.7028427623786885,8,0,14.044423932524928,2560,0.9135748305618214
0.6313492883641337,Advantaged,0.38591420290231776,0.6819879789396528,9,1,14.044423932524928,2560,0.7813492883641338
0.7005305146049614,Advantaged,0.3181089726797958,0.8414135902450508,10,2,14.044423932524928,2560,0.8505305146049614
0.5776127647261946,Advantaged,0.5715148923640598,0.3645535859392854,9,1,14.044423932524928,2560,0.7276127647261946
0.6470871036422666,Advantaged,0.23328416595647844,0.6441034143790603,8,0,14.044423932524928,2560,0.7970871036422666
0.6272734990655837,Advantaged,0.7451817348393246,0.20570623148255868,8,0,14.044423932524928,2560,0.7772734990655837
0.48047900200203514,Advantaged,0.39979221467021386,0.705711085130391,7,0,13.467057610920294,1280,0.6304790020020351
0.6001906274609299,Advantaged,0.016025718089554514,0.4978325101048848,8,1,13.467057610920294,1280,0.7501906274609299
0.8072150130608552,Disadvantaged,0.8448768512158196,0.6652137633003017,8,1,13.467057610920294,1280,0.6572150130608552
0.6713155404433264,Advantaged,0.2889507232820013,0.5229553136504278,8,1,13.467057610920294,1280,0.8213155404433264
0.637725472942485,Advantaged,0.6877297964838996,0.6966734436289662,9,2,13.467057610920294,1280,0.7877254729424851
0.7343480326254406,Advantaged,0.3767526419578463,0.3647977269210607,7,0,13.467057610920294,1280,0.8843480326254406
0.7399395441018688,Advantaged,0.27170833824920604,0.21894878483335697,8,1,13.467057610920294,1280,0.8899395441018688
0.6678686476656693,Advantaged,0.5332225701153112,0.8336166447417728,8,1,13.467057610920294,1280,0.8178686476656694
0.656029538043363,Advantaged,0.46202286035725987,0.4404615711140451,14,1,14.819000116288723,81920,0.806029538043363
0.6446723575130779,Advantaged,0.35307459755040776,0.44365468867174096,13,1,14.599738127555884,40960,0.794672357513078
0.7712189932756689,Advantaged,0.49294114001651307,0.8247051268575055,12,0,14.599738127555884,40960,0.9212189932756689
0.8376818584579449,Advantaged,0.7551439404765616,0.20478007910583187,13,1,14.599738127555884,40960,0.9876818584579449
0.7731723476863804,Advantaged,0.2824256440997587,0.7162601476296578,13,4,14.31688085879078,5120,0.9231723476863805
0.46214119945044785,Advantaged,0.41566750785076423,0.7890479438579109,9,0,14.31688085879078,5120,0.6121411994504479
0.5759687103138897,Advantaged,0.7092939450217883,0.9737335592114473,12,3,14.31688085879078,5120,0.7259687103138898
0.5885290390711644,Advantaged,0.9360810057596021,0.0618991835496912,10,1,14.31688085879078,5120,0.7385290390711644
0.5146612592251449,Advantaged,0.6234861107610296,0.9193193155551672,8,0,14.111588942238917,2560,0.664661259225145
0.6806588217785585,Advantaged,0.1785125095438935,0.016255521105454113,9,1,14.111588942238917,2560,0.8306588217785585
0.7990606314835579,Advantaged,0.2725906839909319,0.9947636934374899,8,0,14.111588942238917,2560,0.9490606314835579
0.602147209766349,Advantaged,0.15036226202275105,0.5763971048258987,7,0,13.166243432076536,1280,0.752147209766349
0.5732416766669709,Advantaged,0.08824488465252579,0.6004952843664724,7,0,13.166243432076536,1280,0.7232416766669709
0.8233009961634925,Advantaged,0.8698515894461367,0.24788596999799065,11,4,13.166243432076536,1280,0.9733009961634925
0.5866177460645693,Advantaged,0.8493928669578864,0.5199345195404166,10,3,13.166243432076536,1280,0.7366177460645693
0.7021926913508965,Advantaged,0.901249977045308,0.9760633025536156,8,1,13.166243432076536,1280,0.8521926913508965
0.6887672358606263,Advantaged,0.06608902462943463,0.38858318436121686,7,0,13.166243432076536,1280,0.8387672358606263
0.6310067739748999,Advantaged,0.7166177120641226,0.6490400562489137,8,1,13.166243432076536,1280,0.7810067739748999
0.6048951183479429,Advantaged,0.7441503872043125,0.3126380488714342,9,2,13.166243432076536,1280,0.7548951183479429
0.6277721051972239,Advantaged,0.25642257174291644,0.9741078259930738,7,0,13.166243432076536,1280,0.777772105197224
0.7198527321847221,Advantaged,0.6261903818265827,0.37412972640088615,16,1,14.819000116288723,327680,0.8698527321847221
0.848906253963914,Advantaged,0.163389969022889,0.5972648030378629,12,1,14.672134338968696,20480,0.998906253963914
0.5263362691915316,Advantaged,0.7401899653347904,0.36946872247392265,12,1,14.672134338968696,20480,0.6763362691915317
0.708836376174282,Advantaged,0.3726245053054589,0.6526401784057864,11,1,14.599738127555884,10240,0.858836376174282
0.6649266094390112,Advantaged,0.7166518195953906,0.36692470929640997,9,1,14.386601455674894,2560,0.8149266094390112
0.5736336658064728,Advantaged,0.055404144711097454,0.011455141316024374,11,3,14.386601455674894,2560,0.7236336658064728
0.6491064117441396,Advantaged,0.34694468100620107,0.25937264740921145,8,0,14.386601455674894,2560,0.7991064117441397
0.6426917765478746,Advantaged,0.034045901580421783,0.3628702711717073,7,0,13.84662633994484,1280,0.7926917765478746
0.7110094149266618,Advantaged,0.481187898612382,0.3642936944023275,9,2,13.84662633994484,1280,0.8610094149266618
0.6113281655840734,Advantaged,0.9071909653020569,0.9913453875220756,7,0,13.84662633994484,1280,0.7613281655840735
0.6977124307404601,Advantaged,0.1858761541114481,0.040671637662876375,7,0,13.84662633994484,1280,0.8477124307404601
0.7194831632957757,Advantaged,0.4800985271657877,0.4578697800240132,7,0,13.84662633994484,1280,0.8694831632957757
0.6820984213445349,Disadvantaged,0.07906881447033541,0.5663137560552773,8,1,13.84662633994484,1280,0.5320984213445349
0.669107158111814,Advantaged,0.3677738691015234,0.6422874376974741,16,9,13.84662633994484,1280,0.819107158111814
0.7075126498072644,Disadvantaged,0.8569769886396454,0.4268219079741217,7,0,13.84662633994484,1280,0.5575126498072643
0.7457858477021654,Disadvantaged,0.7094799967260281,0.3766448013218055,7,1,12.603731018593606,640,0.5957858477021654
0.5098402898021303,Advantaged,0.7915158014598567,0.7874797032532093,9,3,12.603731018593606,640,0.6598402898021303
0.5744298102812623,Advantaged,0.6808811324632342,0.011683068640150167,6,0,12.603731018593606,640,0.7244298102812623
0.38712849594488674,Advantaged,0.1059118014104683,0.5635179110295347,8,2,12.603731018593606,640,0.5371284959448868
0.5877761974189873,Advantaged,0.4112200100665254,0.8237802187949234,6,0,12.603731018593606,640,0.7377761974189874
0.6483315776841366,Advantaged,0.631939937492638,0.5394337172295657,11,0,14.819000116288723,20480,0.7983315776841367
0.7751908539093705,Advantaged,0.8103600604614863,0.2191660451257963,12,2,14.672134338968696,10240,0.9251908539093705
0.5953722252324973,Advantaged,0.518978434470042,0.47371350363156395,13,3,14.672134338968696,10240,0.7453722252324974
0.7701831684575003,Disadvantaged,0.009686791576648975,0.012155213937700832,9,0,14.528022434825846,5120,0.6201831684575003
0.6693002558183104,Advantaged,0.27750672114345787,0.8267313439911,12,3,14.528022434825846,5120,0.8193002558183105
0.5149142242117237,Advantaged,0.7390923993488245,0.02191534715320044,10,2,14.247810156376232,2560,0.6649142242117237
0.46700170671058827,Advantaged,0.5092592326894088,0.3664225183533903,8,0,14.247810156376232,2560,0.6170017067105883
0.6677280092379654,Advantaged,0.7489784129892954,0.2990442001427621,13,5,14.247810156376232,2560,0.8177280092379654
0.5948179400545145,Advantaged,0.868722772226896,0.31324992894162584,8,0,14.247810156376232,2560,0.7448179400545145
0.7378143979093642,Advantaged,0.6230531210190992,0.07986325418938008,8,1,13.467057610920294,1280,0.8878143979093642
0.6159959659033357,Advantaged,0.7796146249808649,0.6114598078681017,9,2,13.467057610920294,1280,0.7659959659033357
0.6369852906430313,Advantaged,0.33948275452336085,0.8934664970127152,7,0,13.467057610920294,1280,0.7869852906430314
0.6006362369479767,Advantaged,0.6693198128003368,0.26699967925733337,7,0,13.467057610920294,1280,0.7506362369479768
0.5814748652292169,Disadvantaged,0.33213336539769833,0.9007550874002167,8,1,13.467057610920294,1280,0.43147486522921685
0.6147721510931835,Advantaged,0.22028886068459436,0.8106496518730321,7,0,13.467057610920294,1280,0.7647721510931835
0.6252603979267151,Advantaged,0.020737521752335168,0.22289018699927118,9,2,13.467057610920294,1280,0.7752603979267151
0.6493635388694401,Advantaged,0.8571007347362236,0.6050954072618051,8,1,13.467057610920294,1280,0.7993635388694401
0.6732678340124567,Advantaged,0.7542301890572338,0.03299796501109701,7,0,13.467057610920294,1280,0.8232678340124567
0.5564835429408332,Advantaged,0.03825334216750676,0.13420404596787078,7,0,13.467057610920294,1280,0.7064835429408333
0.7193582255825072,Advantaged,0.4694838733134319,0.9904923613069682,7,0,13.467057610920294,1280,0.8693582255825072
0.7106276490837525,Advantaged,0.5282930485899583,0.9442459897888796,10,0,14.745218991218332,10240,0.8606276490837526
0.6728801502611909,Advantaged,0.8901638028186408,0.21224319089125307,11,1,14.745218991218332,10240,0.8228801502611909
0.5551043776484981,Advantaged,0.4482554825930972,0.022439015308737903,9,0,14.528022434825846,5120,0.7051043776484981
0.6629293077792521,Advantaged,0.8277953192580084,0.971527090795403,10,1,14.528022434825846,5120,0.8129293077792521
0.7614278088555542,Advantaged,0.8457443230468039,0.16947464052522881,10,1,14.528022434825846,5120,0.9114278088555542
0.6363464484749072,Advantaged,0.5911333784715861,0.9327698975769034,8,0,14.247810156376232,2560,0.7863464484749072
0.738189100132334,Advantaged,0.799215571745183,0.8005733194851331,8,0,14.247810156376232,2560,0.888189100132334
0.6569699158516574,Advantaged,0.8995394224477051,0.1704753277341451,9,1,14.247810156376232,2560,0.8069699158516574
0.6193593525952035,Advantaged,0.10990990492960077,0.1407354343161265,9,1,14.247810156376232,2560,0.7693593525952035
0.5100205166971324,Advantaged,0.9919557247625952,0.4116310004819073,7,0,13.781903241370497,1280,0.6600205166971325
0.6417139865502479,Advantaged,0.49859682995297794,0.9902484390829037,8,1,13.781903241370497,1280,0.7917139865502479
0.8458193119406445,Advantaged,0.6935947153772881,0.18307870908858098,9,2,13.781903241370497,1280,0.9958193119406445
0.762240485513165,Disadvantaged,0.8873311843681357,0.21710598048063653,8,1,13.781903241370497,1280,0.612240485513165
0.7352319141367849,Advantaged,0.8380339173101983,0.976893087894197,8,1,13.781903241370497,1280,0.8852319141367849
0.6040688449700221,Advantaged,0.6981536362144114,0.24259932962158207,7,0,13.781903241370497,1280,0.7540688449700221
0.7501109988220009,Disadvantaged,0.5510466134601936,0.9928315787712826,10,3,13.781903241370497,1280,0.6001109988220009
0.5093258051057927,Advantaged,0.8854352728352507,0.6484639961979078,7,1,12.392352856317313,640,0.6593258051057928
0.6917325729657894,Advantaged,0.11227067360140162,0.1546317442790582,7,1,12.392352856317313,640,0.8417325729657894
0.7065845253619001,Advantaged,0.6449715551614428,0.08622790813047569,9,3,12.392352856317313,640,0.8565845253619001
0.6253969694533095,Advantaged,0.5434389196554041,0.8834626891451022,10,4,12.392352856317313,640,0.7753969694533095
0.6664257344964182,Advantaged,0.5869709229066653,0.9116533999273377,11,0,14.819000116288723,20480,0.8164257344964182
0.7814131793810695,Advantaged,0.985542613107118,0.8672818064258726,10,0,14.745218991218332,10240,0.9314131793810695
0.6713372592247105,Advantaged,0.6340073645219151,0.6463934636850892,9,0,14.528022434825846,5120,0.8213372592247106
0.7723877268429322,Advantaged,0.9392005877629552,0.8433723020684716,11,2,14.528022434825846,5120,0.9223877268429322
0.7235110762632098,Advantaged,0.1528799751754943,0.15658987866510726,9,0,14.528022434825846,5120,0.8735110762632098
0.8216294291116826,Advantaged,0.5024370344330219,0.8900716440446341,9,1,14.31688085879078,2560,0.9716294291116826
0.6553091443798141,Advantaged,0.4385793322838602,0.07345839078301815,8,0,14.31688085879078,2560,0.8053091443798142
0.7232541516521444,Advantaged,0.4878022055841278,0.7311386972334496,9,1,14.31688085879078,2560,0.8732541516521444
0.6052681045972377,Advantaged,0.9844516490398447,0.8492618234821164,7,0,13.911949591885861,1280,0.7552681045972377
0.6598454583107707,Advantaged,0.44180111770532027,0.16814175071495943,9,2,13.911949591885861,1280,0.8098454583107707
0.5805695885264112,Advantaged,0.7729513997279237,0.6604279109591905,8,1,13.911949591885861,1280,0.7305695885264112
0.5967822593649363,Advantaged,0.9588589984205417,0.8518796488306768,7,0,13.911949591885861,1280,0.7467822593649364
0.6995418235243103,Advantaged,0.9911592689687989,0.11591721941781838,7,0,13.911949591885861,1280,0.8495418235243103
0.5637874884183971,Disadvantaged,0.14550592244338634,0.16701335579722157,7,0,13.911949591885861,1280,0.4137874884183971
0.6474479005248728,Advantaged,0.2022014102349475,0.8532991295817091,6,0,12.822726008326425,640,0.7974479005248728
0.6408374689938731,Advantaged,0.8680761603937387,0.6426130245492992,8,2,12.822726008326425,640,0.7908374689938731
0.720766971842797,Advantaged,0.17021276131364987,0.18376495456323028,6,0,12.822726008326425,640,0.870766971842797
0.6780137521003435,Advantaged,0.7042697129333253,0.8036876614460379,6,0,12.822726008326425,640,0.8280137521003436
0.7271909420308145,Advantaged,0.015473708708478667,0.3380469644514019,7,1,12.822726008326425,640,0.8771909420308145
0.6642559750837028,Advantaged,0.3693976896092184,0.21418543802736448,6,0,12.822726008326425,640,0.8142559750837028
0.594704226847474,Disadvantaged,0.6728248675585498,0.6867544132491008,12,0,14.819000116288723,40960,0.444704226847474
0.6527431422204886,Advantaged,0.45979432369100476,0.9122044109526225,10,1,14.31688085879078,5120,0.8027431422204886
0.6635078265245586,Advantaged,0.9098393671696459,0.2527779763047838,9,0,14.31688085879078,5120,0.8135078265245587
0.47851538816762945,Advantaged,0.2731748387687816,0.40331838358151934,10,1,14.31688085879078,5120,0.6285153881676294
0.6818442929757279,Advantaged,0.25654269877093755,0.9587476890110203,9,0,14.31688085879078,5120,0.8318442929757279
0.7472842669316186,Advantaged,0.9097061331200863,0.26211728054024647,10,1,14.31688085879078,5120,0.8972842669316187
0.5505242800329423,Advantaged,0.7439251170141521,0.06139960732607551,10,1,14.31688085879078,5120,0.7005242800329423
0.5094761053641698,Advantaged,0.24778980512255389,0.5245768421582081,13,4,14.31688085879078,5120,0.6594761053641698
0.6472575067173509,Advantaged,0.5531738872051387,0.9332912887159309,8,0,13.97787981823327,2560,0.797257506717351
0.6224409900879734,Advantaged,0.3770174658011682,0.5786177330205579,8,0,13.97787981823327,2560,0.7724409900879734
0.6267555742622364,Advantaged,0.3913414327969858,0.8487106840605778,11,3,13.97787981823327,2560,0.7767555742622364
0.6509337625569428,Advantaged,0.698010091277173,0.6809457402134231,8,0,13.97787981823327,2560,0.8009337625569428
0.7747386124124026,Disadvantaged,0.5455530511101809,0.9345832480133895,8,0,13.97787981823327,2560,0.6247386124124026
0.5389658086995683,Disadvantaged,0.3337744714527748,0.8532826130287675,7,0,13.284934873145755,1280,0.3889658086995683
0.7602668439024162,Disadvantaged,0.2551639535179389,0.9564550745460803,7,0,13.284934873145755,1280,0.6102668439024161
0.46825985447908003,Advantaged,0.5537657529041542,0.8974914226706479,8,1,13.284934873145755,1280,0.61825985447908
0.7445429657075059,Advantaged,0.2842289821640936,0.9814805887692808,11,4,13.284934873145755,1280,0.8945429657075059
0.610749883600758,Advantaged,0.09202795902345869,0.5884419292818514,9,2,13.284934873145755,1280,0.760749883600758
0.6910424574987026,Advantaged,0.07272024509909364,0.6242691220609072,9,2,13.284934873145755,1280,0.8410424574987027
0.5699386628895273,Advantaged,0.3465435598138256,0.6424844637084567,8,1,13.284934873145755,1280,0.7199386628895273
0.6824048355544109,Advantaged,0.4264233484829484,0.36223382546348654,15,1,14.819000116288723,163840,0.8324048355544109
0.7360624902739492,Advantaged,0.05929261419588505,0.4588264134870054,16,6,14.672134338968696,10240,0.8860624902739492
0.6703162964477658,Advantaged,0.1798774135885158,0.7963283669066833,11,1,14.672134338968696,10240,0.8203162964477658
0.5577038886124593,Advantaged,0.5563672818405674,0.9696900815626524,9,0,14.456979446737355,5120,0.7077038886124594
0.7849892409247534,Disadvantaged,0.8914610164504109,0.9249095734236623,10,1,14.456979446737355,5120,0.6349892409247534
0.6869607805278835,Advantaged,0.6946543758846263,0.7379646922846265,9,0,14.456979446737355,5120,0.8369607805278835
0.7497285521561915,Advantaged,0.1903450281431074,0.860016818589239,9,1,14.247810156376232,2560,0.8997285521561915
0.631639962307934,Advantaged,0.8859162129304229,0.7722585594805134,8,0,14.247810156376232,2560,0.781639962307934
0.6884354747852566,Advantaged,0.6082999099020509,0.8957255235247648,8,0,14.247810156376232,2560,0.8384354747852566
0.7309031112277639,Disadvantaged,0.17111537476135094,0.7703851758425972,7,0,13.40579719504566,1280,0.5809031112277638
0.5616260692921586,Advantaged,0.8886842261663921,0.7740671306718789,7,0,13.40579719504566,1280,0.7116260692921587
0.5964186714100643,Advantaged,0.9089590202141276,0.046072521891018646,9,2,13.40579719504566,1280,0.7464186714100643
0.6638304093010577,Disadvantaged,0.726100446671405,0.0065226477746902715,7,0,13.40579719504566,1280,0.5138304093010577
0.5516260233951293,Advantaged,0.2205216995688313,0.5297983233951291,7,0,13.40579719504566,1280,0.7016260233951294
0.6422221778371068,Advantaged,0.6862489921145085,0.7710695698294344,8,1,13.40579719504566,1280,0.7922221778371068
0.6651019175052361,Advantaged,0.6095508149007234,0.905769526796295,8,1,13.40579719504566,1280,0.8151019175052361
0.6550702092005571,Advantaged,0.8562265618655608,0.7652861682654113,7,0,13.40579719504566,1280,0.8050702092005572
0.8187360267488378,Disadvantaged,0.1903395981571883,0.8141640062543531,7,0,13.40579719504566,1280,0.6687360267488378
0.7358949596147499,Advantaged,0.017493461540191255,0.46289192042915867,7,0,13.40579719504566,1280,0.88589495961475
0.6316865607897366,Advantaged,0.06113148114032376,0.4723051767576189,13,6,13.40579719504566,1280,0.7816865607897366
0.7175677195899877,Advantaged,0.12176936737896496,0.7020343394546923,11,0,14.672134338968696,20480,0.8675677195899877
0.7014802400564095,Advantaged,0.9927793816600774,0.2607371669566138,13,2,14.672134338968696,20480,0.8514802400564095
0.5030279671374047,Advantaged,0.09775032649460755,0.4836699065418719,11,0,14.672134338968696,20480,0.6530279671374047
0.5914570500139785,Advantaged,0.48576900526181566,0.17233888525515795,11,1,14.599738127555884,10240,0.7414570500139785
0.717161211840588,Advantaged,0.8127144485079586,0.07965255639775291,12,3,14.31688085879078,5120,0.867161211840588
0.7110690350223664,Advantaged,0.39476239561585164,0.16353306007821725,10,1,14.31688085879078,5120,0.8610690350223664
0.8113363585836167,Advantaged,0.6413572227434066,0.7230808360198633,11,2,14.31688085879078,5120,0.9613363585836168
0.7411217752595834,Disadvantaged,0.37214590400452746,0.7487078080873529,9,0,14.31688085879078,5120,0.5911217752595834
0.6380951469780566,Advantaged,0.5177887641113548,0.034189582520873465,8,0,14.044423932524928,2560,0.7880951469780566
0.5671270183440426,Disadvantaged,0.7883400773300572,0.3057467969428674,10,2,14.044423932524928,2560,0.41712701834404253
0.6322740856439923,Advantaged,0.5661387766261969,0.6997216416949138,11,3,14.044423932524928,2560,0.7822740856439924
0.8124369641638003,Advantaged,0.8474726417386876,0.506957038065919,10,2,14.044423932524928,2560,0.9624369641638003
0.5390084386574892,Advantaged,0.3907933184096302,0.8019249341717055,12,5,13.717773566204011,1280,0.6890084386574892
0.5703128185255907,Advantaged,0.6184020029121444,0.4006140878509767,8,1,13.717773566204011,1280,0.7203128185255907
0.5391509454545772,Advantaged,0.9946411545423152,0.26329329225758263,9,2,13.717773566204011,1280,0.6891509454545772
0.706032131526928,Advantaged,0.35775374914681657,0.38280564753236757,9,2,13.717773566204011,1280,0.856032131526928
0.6944189613486202,Advantaged,0.8093554752621689,0.3180288916826711,8,1,13.717773566204011,1280,0.8444189613486203
0.7088237351490978,Advantaged,0.23142997052784622,0.07481556638741672,6,0,12.392352856317313,640,0.8588237351490978
0.6402267507610535,Disadvantaged,0.5791636579866933,0.6672847077414968,7,1,12.392352856317313,640,0.4902267507610535
0.7214898015625724,Disadvantaged,0.7971773457583688,0.31791046238967696,7,1,12.392352856317313,640,0.5714898015625723
0.6917900865501366,Advantaged,0.5263240563066963,0.6124634138442836,14,1,14.819000116288723,81920,0.8417900865501367
0.5768472978681041,Advantaged,0.49131119175726057,0.040222517709335805,13,2,14.672134338968696,20480,0.7268472978681041
0.491012160353672,Advantaged,0.17730986263454704,0.323324446954454,11,0,14.672134338968696,20480,0.641012160353672
0.6593508037777176,Advantaged,0.8422254510536623,0.49790104489022896,10,1,14.456979446737355,5120,0.8093508037777176
0.6015560145034429,Advantaged,0.1709469036623113,0.5198102635470455,13,4,14.456979446737355,5120,0.7515560145034429
0.6407056359964197,Advantaged,0.1096690022073853,0.3161711576348402,9,0,14.456979446737355,5120,0.7907056359964197
0.5605310915033993,Advantaged,0.741290927021324,0.16377696731887684,11,3,13.911949591885861,2560,0.7105310915033993
0.6947445648601873,Advantaged,0.04701630719960551,0.03494753073368092,10,2,13.911949591885861,2560,0.8447445648601873
0.7041566244621827,Advantaged,0.94257081469836,0.09481677014742103,9,1,13.911949591885861,2560,0.8541566244621828
0.7090233977074885,Advantaged,0.08576452558911152,0.7609770595135437,8,0,13.911949591885861,2560,0.8590233977074885
0.5005674438667943,Advantaged,0.9444630746602253,0.6108288808936596,8,0,13.911949591885861,2560,0.6505674438667943
0.4881940188011356,Advantaged,0.07385514419762168,0.9880283491382496,15,7,13.911949591885861,2560,0.6381940188011356
0.6414222983979402,Advantaged,0.03600791482421667,0.41013563224299815,8,0,13.911949591885861,2560,0.7914222983979402
0.6346371641937253,Advantaged,0.01405816306058892,0.297685759477966,8,0,13.911949591885861,2560,0.7846371641937253
0.6253819055374734,Advantaged,0.7817916477791761,0.43820768137420735,8,1,12.878704059345738,1280,0.7753819055374734
0.6331759677613187,Disadvantaged,0.24787465660527017,0.27825356273453183,7,0,12.878704059345738,1280,0.48317596776131866
0.5419730309076422,Advantaged,0.9770626087536322,0.9739326780583172,8,1,12.878704059345738,1280,0.6919730309076422
0.6171380575955457,Advantaged,0.5333056936656769,0.03135753367026684,7,0,12.878704059345738,1280,0.7671380575955458
0.6564951520266413,Advantaged,0.9076343526049003,0.5984410058512394,7,0,12.878704059345738,1280,0.8064951520266413
0.632382247914485,Advantaged,0.8968360307927601,0.43435774690156514,7,0,12.878704059345738,1280,0.7823822479144851
0.5377284525324129,Advantaged,0.609613792686978,0.957359220680841,10,0,14.819000116288723,10240,0.6877284525324129
0.5476743241303134,Advantaged,0.8614326281755681,0.6400110276696268,9,0,14.672134338968696,5120,0.6976743241303134
0.5933682831226189,Advantaged,0.6848221819428495,0.27279059119541105,10,1,14.672134338968696,5120,0.7433682831226189
0.7760695764547321,Advantaged,0.8820944481809619,0.3408163633065493,8,0,14.31688085879078,2560,0.9260695764547321
0.5517494807713533,Advantaged,0.736296012845882,0.8054080161124709,9,1,14.31688085879078,2560,0.7017494807713534
0.7816895749824572,Advantaged,0.5059000395333385,0.5037474940862248,9,1,14.31688085879078,2560,0.9316895749824572
0.7339833174557899,Disadvantaged,0.9131435159065608,0.24293143840376938,8,0,14.31688085879078,2560,0.5839833174557899
0.7672210508921371,Advantaged,0.5744344574383076,0.7597173113093262,9,1,14.31688085879078,2560,0.9172210508921371
0.6644268511346578,Advantaged,0.1446128481227571,0.8300348134034902,7,0,13.911949591885861,1280,0.8144268511346578
0.6922626305176869,Disadvantaged,0.5439247503339206,0.5670806304586412,8,1,13.911949591885861,1280,0.5422626305176869
0.6624886372950136,Advantaged,0.41261858942881413,0.8652383376304431,9,2,13.911949591885861,1280,0.8124886372950136
0.6722192370186253,Advantaged,0.19652141444964233,0.8547987860710875,8,1,13.911949591885861,1280,0.8222192370186253
0.6922062435909438,Advantaged,0.603873591736858,0.5227854696104757,7,0,13.911949591885861,1280,0.8422062435909439
0.5393090790038088,Advantaged,0.19458811955216032,0.5178145129773395,7,0,13.911949591885861,1280,0.6893090790038088
0.5405566267106867,Advantaged,0.3970289938186587,0.5449482920760317,7,1,13.049675420908185,640,0.6905566267106867
0.5473353952257316,Advantaged,0.4057564486422812,0.010612481311936654,7,1,13.049675420908185,640,0.6973353952257316
0.49195674431353786,Disadvantaged,0.3203010699359598,0.10926948470035708,6,0,13.049675420908185,640,0.34195674431353784
0.857091696641965,Advantaged,0.7276934172705612,0.4984777665161875,9,3,13.049675420908185,640,1
0.6448048187855948,Advantaged,0.8814437730789222,0.6015201591705875,6,0,13.049675420908185,640,0.7948048187855948
0.6381382464135635,Advantaged,0.5447729620352777,0.5755847099165325,8,2,13.049675420908185,640,0.7881382464135636
0.6985868343776187,Advantaged,0.7448451916608422,0.8516093228505786,12,1,14.819000116288723,20480,0.8485868343776187
0.5837424876436337,Advantaged,0.7302576824791025,0.03465717770414084,11,2,14.528022434825846,5120,0.7337424876436337
0.7337435187027135,Advantaged,0.08412829997476691,0.5449049962598793,9,0,14.528022434825846,5120,0.8837435187027135
0.6107048997781791,Advantaged,0.4238967049903982,0.5369978632583324,11,2,14.528022434825846,5120,0.7607048997781791
0.9109652812547351,Advantaged,0.9073043382721977,0.3464037157775862,10,1,14.528022434825846,5120,1
0.7450370298824599,Advantaged,0.7232304891149759,0.028876387171299006,10,2,14.044423932524928,2560,0.8950370298824599
0.6530198599306648,Advantaged,0.3512622065128601,0.33344640035242473,10,2,14.044423932524928,2560,0.8030198599306648
0.7828626012528694,Advantaged,0.646556908889113,0.9643011882076439,8,0,14.044423932524928,2560,0.9328626012528695
0.6377548643486736,Advantaged,0.06508817951848259,0.2627011921259097,11,3,14.044423932524928,2560,0.7877548643486736
0.6077371906845124,Advantaged,0.045273425790773175,0.34861798616779494,9,1,14.044423932524928,2560,0.7577371906845124
0.5983946953229738,Advantaged,0.1227438640572242,0.5397866326592752,10,2,14.044423932524928,2560,0.7483946953229739
0.5914720169618367,Advantaged,0.3974783813988614,0.2605188269369693,8,0,14.044423932524928,2560,0.7414720169618367
0.5845764466174318,Advantaged,0.8670904284669781,0.22663559816170725,7,0,13.528879118687582,1280,0.7345764466174318
0.6692890391870499,Advantaged,0.9189717026371788,0.9823078578199024,9,2,13.528879118687582,1280,0.8192890391870499
0.8745266019224365,Disadvantaged,0.3280244584471006,0.862377190777096,7,0,13.528879118687582,1280,0.7245266019224365
0.7134770904738181,Advantaged,0.36434511652573087,0.193880813864676,8,1,13.528879118687582,1280,0.8634770904738182
0.6203609152591079,Disadvantaged,0.9859958161537383,0.11056174020820404,7,0,13.528879118687582,1280,0.47036091525910784
0.6217580425265542,Advantaged,0.33491712250394645,0.797117879851698,7,0,13.528879118687582,1280,0.7717580425265542
0.6184392203396645,Advantaged,0.7541964351343204,0.04291687298807042,9,2,13.528879118687582,1280,0.7684392203396645
0.6249010131707776,Disadvantaged,0.5300715948821078,0.7507794104152781,7,0,13.528879118687582,1280,0.4749010131707776
0.7023369252999407,Advantaged,0.009096092278072935,0.04989389153961926,14,0,14.819000116288723,163840,0.8523369252999408
0.6389128315681629,Advantaged,0.877566238713511,0.34946370555263995,9,0,14.672134338968696,5120,0.7889128315681629
0.7015425629260695,Disadvantaged,0.3137062480754279,0.6281941019540737,10,1,14.672134338968696,5120,0.5515425629260695
0.6463033286830615,Advantaged,0.00748497792820803,0.02276758086144813,12,4,14.386601455674894,2560,0.7963033286830615
0.7001471684636581,Advantaged,0.8071620806736585,0.9949650358216402,9,1,14.386601455674894,2560,0.8501471684636581
0.75089989849707806,Advantaged,0.5519492241417275,0.8026400946210421,10,2,14.386601455674894,2560,0.9008998984970781
0.735236135549996,Advantaged,0.30367738680232925,0.8279137905045362,9,1,14.386601455674894,2560,0.885236135549996
0.599518244050465,Advantaged,0.03903973210992208,0.13387287722145258,8,1,14.111588942238917,1280,0.7495182440504651
0.3147313628562034,Advantaged,0.4476306852143239,0.38836419106512077,7,0,14.111588942238917,1280,0.4647313628562034
0.6590284002549409,Advantaged,0.3762354145917708,0.3198928005068994,7,0,14.111588942238917,1280,0.8090284002549409
0.8148241386323438,Advantaged,0.010844630729036396,0.062134309362536715,7,0,14.111588942238917,1280,0.9648241386323438
0.8819521389507181,Disadvantaged,0.4293377797816653,0.49222654524833814,6,0,13.166243432076536,640,0.7319521389507181
0.9103713197533891,Advantaged,0.6008549886616642,0.21165236135231175,6,0,13.166243432076536,640,1
0.51686772287864,Advantaged,0.5473223828388591,0.7353647686471579,6,0,13.166243432076536,640,0.66686772287864
0.5143935920651552,Advantaged,0.07517477323356739,0.16827484876130575,6,0,13.166243432076536,640,0.6643935920651552
0.6354862632747349,Advantaged,0.01629960574024352,0.12310612959259037,6,0,13.166243432076536,640,0.7854862632747349
0.6457060500598795,Advantaged,0.4203420148221822,0.8223343983707273,7,1,13.166243432076536,640,0.7957060500598795
0.6217132945355979,Advantaged,0.9342133003710977,0.26784157879599624,7,1,13.166243432076536,640,0.7717132945355979
0.6117571329689838,Advantaged,0.02293176555412993,0.039230367813991446,8,2,13.166243432076536,640,0.7617571329689838
0.5439238219195387,Advantaged,0.40396990951044087,0.6639827735518193,6,0,13.166243432076536,640,0.6939238219195387
0.6853379320885891,Advantaged,0.08453743544462791,0.5600969387595982,15,1,14.819000116288723,163840,0.8353379320885891
0.7122817931591127,Advantaged,0.6767153766305088,0.4539424313697964,13,0,14.745218991218332,81920,0.8622817931591127
0.8225961429161497,Advantaged,0.4662052931806156,0.4407211892614929,12,1,14.672134338968696,20480,0.9725961429161497
0.6173103826242827,Advantaged,0.09812543972335126,0.33767903265334775,11,1,14.599738127555884,10240,0.7673103826242827
0.654905803027228,Advantaged,0.7149946146785973,0.9484815304839419,9,0,14.386601455674894,5120,0.804905803027228
0.5278084666423838,Advantaged,0.5017317222299249,0.6814719633852591,9,0,14.386601455674894,5120,0.6778084666423838
0.6354313701013898,Advantaged,0.22035970060914684,0.06783059510559919,11,2,14.386601455674894,5120,0.7854313701013899
0.47190997371281124,Advantaged,0.9772030694146099,0.8157103819221221,9,1,13.97787981823327,2560,0.6219099737128112
0.5124616420736762,Advantaged,0.713471416494026,0.8979433193948787,9,1,13.97787981823327,2560,0.6624616420736762
0.8050587577680417,Disadvantaged,0.06754149053945434,0.9386966439920816,8,0,13.97787981823327,2560,0.6550587577680417
0.7167079535367707,Disadvantaged,0.006179469714024619,0.3181260459238561,8,0,13.97787981823327,2560,0.5667079535367707
0.6996135583089742,Advantaged,0.8513089030476019,0.39247106257779757,8,0,13.97787981823327,2560,0.8496135583089742
0.7189228070943661,Advantaged,0.44370971972108886,0.38667810183199147,9,1,13.97787981823327,2560,0.8689228070943661
0.5097033889839637,Advantaged,0.6185342913936008,0.13442567265499847,8,1,13.345091659153077,1280,0.6597033889839637
0.6110048890877849,Advantaged,0.22141980347269916,0.2912213520207141,7,0,13.345091659153077,1280,0.761004889087785
0.6727057436774849,Advantaged,0.2931784301919779,0.14152949437874357,7,0,13.345091659153077,1280,0.822705743677485
0.5818211531718708,Advantaged,0.6515831390722419,0.9406773337042562,7,0,13.345091659153077,1280,0.7318211531718708
0.5878414047268663,Advantaged,0.027910753983809655,0.3362213008833206,9,2,13.345091659153077,1280,0.7378414047268663
0.7697377015962928,Disadvantaged,0.6275613059727614,0.6525107849486617,11,4,13.345091659153077,1280,0.6197377015962928
0.7166580886424777,Disadvantaged,0.8242833140440545,0.358816172363496,7,0,13.345091659153077,1280,0.5666580886424777
0.8527156400166238,Advantaged,0.25701188634437,0.2711915264997298,16,0,14.819000116288723,655360,1
0.5661170702787618,Advantaged,0.19664443350531421,0.32013620015590527,13,1,14.672134338968696,40960,0.7161170702787618
0.6100425375554956,Advantaged,0.6176142338049408,0.0072846156892491815,14,2,14.672134338968696,40960,0.7600425375554957
0.6925562923324147,Advantaged,0.7008554373233028,0.3827564955100565,12,1,14.599738127555884,20480,0.8425562923324147
0.8094310715977735,Advantaged,0.368901443620217,0.28877317223962007,10,0,14.456979446737355,10240,0.9594310715977735
0.7866780095601865,Advantaged,0.33436507047779523,0.2700351799249797,10,0,14.456979446737355,10240,0.9366780095601865
0.8700460959910883,Disadvantaged,0.37408818272104605,0.2916194516366153,9,0,14.386601455674894,5120,0.7200460959910883
0.6112854525115363,Advantaged,0.8104817487602933,0.40259165870980246,8,0,13.84662633994484,2560,0.7612854525115363
0.6026014867954901,Advantaged,0.868966587723015,0.7661188025275403,8,0,13.84662633994484,2560,0.7526014867954901
0.6742029742270922,Advantaged,0.9872389300124006,0.8717952565480005,9,1,13.84662633994484,2560,0.8242029742270922
0.6426711703183317,Advantaged,0.8175586015078707,0.3995433324781149,9,1,13.84662633994484,2560,0.7926711703183317
0.789718931946234,Advantaged,0.6648855810922417,0.6252680688897213,8,0,13.84662633994484,2560,0.939718931946234
0.6601790156222656,Advantaged,0.03491204657327773,0.774766293224596,8,0,13.84662633994484,2560,0.8101790156222656
0.6705998163541149,Advantaged,0.44498227758388686,0.4643370198058103,8,0,13.84662633994484,2560,0.8205998163541149
0.9051943497924047,Advantaged,0.5006558206337806,0.9663405333395436,8,0,13.84662633994484,2560,1
0.7491513343210302,Disadvantaged,0.9898276804096126,0.9165805029006332,9,2,13.528879118687582,1280,0.5991513343210302
0.7851509957544088,Advantaged,0.6953272932748871,0.860402704194531,8,1,13.528879118687582,1280,0.9351509957544089
0.7184558889803868,Advantaged,0.2860567991932233,0.32879397592308063,7,0,13.528879118687582,1280,0.8684558889803868
0.7212639680791433,Advantaged,0.415248613113037,0.08855544522390771,7,0,13.528879118687582,1280,0.8712639680791433
0.6996274195790562,Advantaged,0.9778397795222978,0.925049012216429,7,0,13.528879118687582,1280,0.8496274195790562
0.48717174924070455,Advantaged,0.19223192934785502,0.6401819558165486,17,0,14.819000116288723,1310720,0.6371717492407045
0.7338802121068456,Advantaged,0.989525641246342,0.11924929099750535,17,1,14.745218991218332,655360,0.8838802121068456
0.8628522286600697,Advantaged,0.19476742918524356,0.6272663694044195,16,2,14.672134338968696,163840,1
0.7175905544251706,Advantaged,0.9677929400074856,0.2230418444129254,17,4,14.599738127555884,81920,0.8675905544251706
0.49999891610069597,Advantaged,0.9814311668151684,0.1240401311988354,11,0,14.528022434825846,20480,0.6499989161006959
0.6834573694600756,Advantaged,0.9644610168787637,0.21576136627132583,12,2,14.31688085879078,10240,0.8334573694600756
0.7392822059284115,Advantaged,0.7228985963243324,0.6147243893515337,11,1,14.31688085879078,10240,0.8892822059284116
0.6335948929246261,Advantaged,0.9263683325942347,0.32958091103091874,12,2,14.31688085879078,10240,0.7835948929246261
0.6050048816163149,Advantaged,0.49465271878746614,0.808967708202255,9,0,14.044423932524928,5120,0.755004881616315
0.5773249345847108,Advantaged,0.40846618058261885,0.7784917750754926,9,0,14.044423932524928,5120,0.7273249345847108
0.5144956214810216,Advantaged,0.9760730117999611,0.12199571522170521,9,0,14.044423932524928,5120,0.6644956214810216
0.807029662294912,Advantaged,0.5415016460876486,0.9776116265250435,9,0,14.044423932524928,5120,0.957029662294912
0.7134956491095826,Advantaged,0.12039520220705935,0.9469787611345766,10,2,13.717773566204011,2560,0.8634956491095827
0.7760260644718012,Advantaged,0.5008696262140884,0.06430910193866388,11,3,13.717773566204011,2560,0.9260260644718012
0.868221010699728,Advantaged,0.35426427413297085,0.46533574326663507,8,0,13.717773566204011,2560,1
0.6889035687444188,Disadvantaged,0.25728992485923147,0.511628266437841,9,1,13.717773566204011,2560,0.5389035687444188
0.6466369379119414,Advantaged,0.08464408939500428,0.9571369448665122,8,0,13.717773566204011,2560,0.7966369379119415
0.8640498595857129,Disadvantaged,0.9213674746173439,0.371355569277385,10,3,12.992173211028865,1280,0.7140498595857129
0.7295946021785078,Advantaged,0.6179142303843589,0.49470526558828926,7,0,12.992173211028865,1280,0.8795946021785078
0.8054861129209235,Advantaged,0.2318548457187355,0.09884069768007642,9,2,12.992173211028865,1280,0.9554861129209236
0.739987192868837,Advantaged,0.7348434429740839,0.0221165947961292,15,3,14.819000116288723,40960,0.889987192868837
0.7109827949555889,Advantaged,0.8788980052294442,0.6658513968467564,9,0,14.31688085879078,5120,0.8609827949555889
0.5910969994993168,Advantaged,0.6661561371721513,0.1397345728386861,9,0,14.31688085879078,5120,0.7410969994993168
0.598878661284911,Advantaged,0.477567083912378,0.6464264873399015,9,0,14.31688085879078,5120,0.748878661284911
0.701155866712255,Advantaged,0.0903672009650896,0.8957947546926638,11,2,14.31688085879078,5120,0.8511558667122551
0.3635961632195959,Advantaged,0.5625704033821544,0.3911731783810317,9,0,14.31688085879078,5120,0.5135961632195959
0.6662609102033258,Advantaged,0.8590516233781992,0.5554017968735292,9,0,14.31688085879078,5120,0.8162609102033258
0.5801494287556386,Advantaged,0.6161964888237325,0.09778674216176482,9,0,14.31688085879078,5120,0.7301494287556386
0.7347138109933443,Advantaged,0.9456253652669379,0.7041138945128862,11,3,14.044423932524928,2560,0.8847138109933443
0.566344299694199,Advantaged,0.3208313201859927,0.01959071799287971,10,2,14.044423932524928,2560,0.716344299694199
0.6516224445321586,Advantaged,0.7075598630208559,0.06194422596982166,10,2,14.044423932524928,2560,0.8016224445321586
0.5773095406675764,Advantaged,0.3166273068798826,0.052513890403939126,8,0,14.044423932524928,2560,0.7273095406675765
0.5771408693460017,Advantaged,0.3871081956275345,0.7314921117257975,7,0,13.049675420908185,1280,0.7271408693460018
0.5228731518657301,Advantaged,0.03175582530426408,0.9387730960085506,7,0,13.049675420908185,1280,0.6728731518657302
0.5590655011055518,Advantaged,0.14114468688705928,0.43373540034679814,7,0,13.049675420908185,1280,0.7090655011055518
0.5504853112646886,Advantaged,0.9747577374024938,0.9609264913768003,7,0,13.049675420908185,1280,0.7004853112646886
0.5826534902079664,Advantaged,0.9117902290720067,0.49054235729402795,9,2,13.049675420908185,1280,0.7326534902079664
0.6578060679708145,Advantaged,0.16266176194666113,0.1803746586248501,9,2,13.049675420908185,1280,0.8078060679708146
0.7402664093264557,Advantaged,0.6989672450100846,0.07800267536925218,8,1,13.049675420908185,1280,0.8902664093264557
0.47350091873790245,Advantaged,0.6144597448480422,0.06030285228808313,7,0,13.049675420908185,1280,0.6235009187379025
0.6200014756024722,Advantaged,0.5673183230439952,0.7244118127951037,12,0,14.819000116288723,40960,0.7700014756024722
0.639494799485081,Advantaged,0.98745056461260206,0.032472291845476155,11,0,14.672134338968696,20480,0.7894947994850811
0.8038930603251209,Advantaged,0.9903820334257215,0.043438012636410284,12,1,14.672134338968696,20480,0.9538930603251209
0.6404339352583001,Advantaged,0.10288731469795924,0.4049485257029793,11,1,14.528022434825846,10240,0.7904339352583001
0.8137406945008177,Advantaged,0.9091928316365965,0.008879516842492406,10,0,14.528022434825846,10240,0.9637406945008177
0.875531076347787,Disadvantaged,0.805865741611704,0.19072664301698816,9,0,14.386601455674894,5120,0.725531076347787
0.6295571998934854,Advantaged,0.8174545698838578,0.22817123026716807,10,1,14.386601455674894,5120,0.7795571998934854
0.5686654432936538,Advantaged,0.4417923577153008,0.03854009480011737,8,0,14.111588942238917,2560,0.7186654432936538
0.6693784230049532,Advantaged,0.3940772042813623,0.02528265993161804,11,3,14.111588942238917,2560,0.8193784230049532
0.6206597915638028,Advantaged,0.37453509527328077,0.6533552819181845,9,1,14.111588942238917,2560,0.7706597915638028
0.6705864380146664,Advantaged,0.4873018575999052,0.0670582068092491,8,0,14.111588942238917,2560,0.8205864380146665
0.5152041005976081,Advantaged,0.9948722219270705,0.13756496521218017,7,0,13.345091659153077,1280,0.66520410059760815
0.6004133900248778,Advantaged,0.49774639263971526,0.6193393647198134,7,0,13.345091659153077,1280,0.7504133900248778
0.6957392491439566,Advantaged,0.5358155834064611,0.11185754586094575,9,2,13.345091659153077,1280,0.8457392491439566
0.6839205018448611,Advantaged,0.4286197277657057,0.18312709257747997,9,2,13.345091659153077,1280,0.8339205018448611
0.5383538660719689,Advantaged,0.22122037435409184,0.9730349374443886,8,1,13.345091659153077,1280,0.6883538660719689
0.6467605865713664,Disadvantaged,0.8924816721582332,0.4795681722624348,8,1,13.345091659153077,1280,0.49676058657136635
0.6395591157424887,Advantaged,0.0879333517734258,0.9861045484176248,7,0,13.345091659153077,1280,0.7895591157424887
0.6762893799158622,Advantaged,0.5904151173795004,0.7325741968578682,7,0,13.345091659153077,1280,0.8262893799158623
0.4619720799458782,Advantaged,0.9722755284648649,0.8713366278952257,7,0,13.345091659153077,1280,0.6119720799458782
0.7947657857190069,Advantaged,0.7938690664425067,0.2919859991985748,11,0,14.819000116288723,20480,0.9447657857190069
0.6537809572568718,Advantaged,0.5442207719312879,0.7334590217768127,12,2,14.672134338968696,10240,0.8037809572568718
0.6766611591027492,Disadvantaged,0.18008964014846593,0.6797203941372645,10,0,14.672134338968696,10240,0.5266611591027491
0.6785855282239079,Advantaged,0.1573602059364912,0.9782790901864513,11,2,14.456979446737355,5120,0.828585528223908
0.7791930977811147,Disadvantaged,0.8656604581799785,0.05833639934617303,9,0,14.456979446737355,5120,0.6291930977811147
0.622051627537565,Advantaged,0.1635307466405078,0.3163685381762331,13,4,14.456979446737355,5120,0.7720516275375651
0.7793233515245362,Disadvantaged,0.5918088273657254,0.6289514342336846,9,1,14.044423932524928,2560,0.6293233515245362
0.7273481528824701,Advantaged,0.4165081799027987,0.23935122919194773,10,2,14.044423932524928,2560,0.8773481528824701
0.536802094500381,Advantaged,0.87864675635092,0.946698166681361,9,1,14.044423932524928,2560,0.686802094500381
0.6786047506675362,Advantaged,0.2426824985831902,0.5638940993752053,9,1,14.044423932524928,2560,0.8286047506675362
0.595595073454312,Advantaged,0.8569065343648825,0.17445918203526137,8,0,14.044423932524928,2560,0.745595073454312
0.7265405726599348,Advantaged,0.5264770619962735,0.116293124922908,9,1,14.044423932524928,2560,0.8765405726599348
0.7308930100151622,Disadvantaged,0.810260196529162,0.35258649469617365,7,0,13.166243432076536,1280,0.5808930100151621
0.6829875784279787,Advantaged,0.7867545069193014,0.5143576047397149,10,3,13.166243432076536,1280,0.8329875784279788
0.553742688721021,Advantaged,0.9849835476949255,0.13951832242773393,11,4,13.166243432076536,1280,0.703742688721021
0.49248210714512924,Advantaged,0.9149266733991825,0.5555120857979231,10,3,13.166243432076536,1280,0.6424821071451292
0.6448793898471152,Advantaged,0.9571167338669615,0.3009415756695584,10,3,13.166243432076536,1280,0.7948793898471153
0.5963818270314843,Advantaged,0.8228107062886604,0.5646963302342601,8,1,13.166243432076536,1280,0.7463818270314844
0.5171478238916979,Advantaged,0.7107039147684471,0.9307607852677764,9,2,13.166243432076536,1280,0.6671478238916979
0.508963510702735,Advantaged,0.3215707715007648,0.18672021241297956,8,1,13.166243432076536,1280,0.6589635107027351
0.6351087062512903,Advantaged,0.4922418688917394,0.36729700472298543,17,4,14.819000116288723,81920,0.7851087062512904
0.642836744617404,Advantaged,0.6285825884479344,0.41812171672345766,12,1,14.745218991218332,20480,0.792836744617404
0.5417295079754118,Advantaged,0.4305223709966209,0.0699966196237197,11,1,14.672134338968696,10240,0.6917295079754118
0.7667019681364826,Advantaged,0.6419305608860352,0.4412304459172139,11,2,14.599738127555884,5120,0.9167019681364826
0.8006408949150723,Disadvantaged,0.7475886095224866,0.8379492972634585,8,0,14.386601455674894,2560,0.6506408949150723
0.686576183118851,Disadvantaged,0.6139568559088703,0.06793391997393092,8,0,14.386601455674894,2560,0.536576183118851
0.7751813500515843,Advantaged,0.06261648847003333,0.8032748993006604,8,0,14.386601455674894,2560,0.9251813500515843
0.626750898537816,Disadvantaged,0.08518591190489075,0.7967159184360812,7,0,13.781903241370497,1280,0.47675089853781594
0.7183791223553515,Advantaged,0.5968565398326783,0.5450431704532763,9,2,13.781903241370497,1280,0.8683791223553515
0.6600011553386141,Disadvantaged,0.3506450195511831,0.5180591811444518,7,0,13.781903241370497,1280,0.5100011553386141
0.7942419282696223,Advantaged,0.1356165041123049,0.3221356896614072,11,4,13.781903241370497,1280,0.9442419282696223
0.6268585341485609,Advantaged,0.35469877742930545,0.5430917267337794,7,0,13.781903241370497,1280,0.7768585341485609
0.6536258933266773,Advantaged,0.40638518043265526,0.26510087408320004,11,4,13.781903241370497,1280,0.8036258933266773
0.7258486233317263,Advantaged,0.43164848958939056,0.3033199341671161,10,3,13.781903241370497,1280,0.8758486233317263
0.6357046145389242,Advantaged,0.2140280055484517,0.5778219786806227,7,0,13.781903241370497,1280,0.7857046145389243
0.6617787171201217,Advantaged,0.009128714608149,0.537171112680437,8,1,13.781903241370497,1280,0.8117787171201217
0.5054159198205225,Advantaged,0.5548532832360628,0.3057786684891033,6,0,12.603731018593606,640,0.6554159198205225
0.7977713030163162,Advantaged,0.06499564984757732,0.7901617818215482,7,1,12.603731018593606,640,0.9477713030163162
0.6259995213041362,Advantaged,0.6543460072374981,0.727655365415594,7,1,12.603731018593606,640,0.7759995213041362
0.6891048951673738,Advantaged,0.5601775808276062,0.7144405442725552,7,1,12.603731018593606,640,0.8391048951673739
0.6759141911828356,Advantaged,0.4194189773800676,0.20127449923690724,13,3,14.672134338968696,10240,0.8259141911828356
0.756920639412591,Advantaged,0.8512815691678975,0.9462343602248964,14,4,14.672134338968696,10240,0.906920639412591
0.8306143100118691,Disadvantaged,0.569921833247558,0.4730351313598806,10,0,14.672134338968696,10240,0.6806143100118691
0.7368813671273537,Advantaged,0.8523498790185732,0.43793863474636974,10,1,14.386601455674894,5120,0.8868813671273538
0.8041122704766284,Disadvantaged,0.5834804336315679,0.33226778382778316,10,1,14.386601455674894,5120,0.6541122704766283
0.6066076436641896,Advantaged,0.09034969043612147,0.6024406441320568,9,0,14.386601455674894,5120,0.7566076436641896
0.6619970841730313,Advantaged,0.8141342639652039,0.2715345381293446,10,1,14.386601455674894,5120,0.8119970841730313
0.5919243957508823,Advantaged,0.41888860772382375,0.17029120658399233,10,2,13.97787981823327,2560,0.7419243957508823
0.5692488377906105,Advantaged,0.5140166080322821,0.039872656589077404,8,0,13.97787981823327,2560,0.7192488377906106
0.6286368439434623,Advantaged,0.3816566377546898,0.9477142367757561,11,3,13.97787981823327,2560,0.7786368439434623
0.5393607050444542,Disadvantaged,0.535750839422545,0.5441521562355575,8,0,13.97787981823327,2560,0.3893607050444542
0.6890172406106432,Advantaged,0.24831383887316977,0.33443608490138577,10,2,13.97787981823327,2560,0.8390172406106432
0.6251622935399418,Disadvantaged,0.34873204814404507,0.8296852314355899,8,0,13.97787981823327,2560,0.47516229353994177
0.64195292919954,Advantaged,0.9813366992137307,0.6472880204407433,8,1,13.345091659153077,1280,0.79195292919954
0.6255250934952172,Advantaged,0.5129917525913362,0.38694590852544897,7,0,13.345091659153077,1280,0.7755250934952173
0.5245186322019276,Advantaged,0.8411798620381074,0.7654281650711574,9,2,13.345091659153077,1280,0.6745186322019276
0.5611800050716328,Advantaged,0.2241558909916611,0.7801168564943347,8,1,13.345091659153077,1280,0.7111800050716328
0.432613443663596,Advantaged,0.9146062429132524,0.8377727759267616,10,3,13.345091659153077,1280,0.582613443663596
0.5420343732590064,Advantaged,0.747664798522572,0.8437771460606684,8,1,13.345091659153077,1280,0.6920343732590064
0.46755170545525626,Advantaged,0.5122788087638623,0.5317110875702523,8,1,13.345091659153077,1280,0.6175517054552563
0.669098714514254,Advantaged,0.9885516268032052,0.5123908009556173,11,0,14.819000116288723,20480,0.819098714514254
0.7354278214563907,Advantaged,0.20017029813824416,0.901631640557626,10,0,14.672134338968696,10240,0.8854278214563908
0.7404079569808406,Advantaged,0.5835637448202652,0.9746139444322766,11,1,14.672134338968696,10240,0.8904079569808406
0.723025079183771,Disadvantaged,0.1990321374982503,0.9230290078940288,11,2,14.179381950260725,5120,0.573025079183771
0.6304479820577483,Advantaged,0.5372628261015486,0.9846153150762047,9,0,14.179381950260725,5120,0.7804479820577483
0.5519384524416469,Advantaged,0.9608503537813192,0.94686583582247,9,0,14.179381950260725,5120,0.7019384524416469
0.6719019807208463,Disadvantaged,0.9025000178472913,0.842762725062863,12,3,14.179381950260725,5120,0.5219019807208463
0.7265502513663199,Advantaged,0.8091408601169711,0.45678876931732754,9,0,14.179381950260725,5120,0.8765502513663199
0.6560718703510846,Advantaged,0.4861924512663958,0.7452231109355442,9,0,14.179381950260725,5120,0.8060718703510846
0.8441636054495232,Advantaged,0.9863626698381847,0.2651216099629484,12,3,14.179381950260725,5120,0.9941636054495232
0.6936590814086345,Advantaged,0.6676448122088552,0.2775349346642841,8,0,13.6542306741743,2560,0.8436590814086345
0.6007150514186372,Advantaged,0.679340155892519,0.23437326263047906,11,3,13.6542306741743,2560,0.7507150514186373
0.7775773591500977,Advantaged,0.21449739459105097,0.9229030845934683,11,3,13.6542306741743,2560,0.9275773591500978
0.6679945494563917,Advantaged,0.5235579030875542,0.18288523621917402,8,0,13.6542306741743,2560,0.8179945494563917
0.6245750441489762,Advantaged,0.5574554958767651,0.9393457144867184,8,0,13.6542306741743,2560,0.7745750441489763
0.6019759220919138,Disadvantaged,0.5256943436795892,0.2030868402529341,9,1,13.6542306741743,2560,0.45197592209191373
0.7252062722074002,Advantaged,0.5324639416559234,0.8025431118822143,8,0,13.6542306741743,2560,0.8752062722074002
0.5765367446302642,Advantaged,0.20556106511040115,0.8649341798137262,9,1,13.6542306741743,2560,0.7265367446302642
0.6475857690560031,Advantaged,0.1827328063533711,0.8686182765783603,10,3,12.992173211028865,1280,0.7975857690560031
0.6869164935898604,Advantaged,0.6689247213911024,0.06559890016811479,8,1,12.992173211028865,1280,0.8369164935898604
0.6674055995944667,Advantaged,0.020816420443559906,0.5360610917968147,12,1,14.672134338968696,20480,0.8174055995944667
0.778921661937801,Advantaged,0.9862283874113131,0.2619086986358986,11,0,14.672134338968696,20480,0.928921661937801
0.5260343226855962,Advantaged,0.07587470293661293,0.5679419388084103,11,0,14.672134338968696,20480,0.6760343226855963
0.5666316515616907,Advantaged,0.8194048568844999,0.5120372771996708,12,2,14.599738127555884,10240,0.7166316515616907
0.6058523514371397,Disadvantaged,0.9517664797163907,0.22047450945050046,9,0,14.528022434825846,5120,0.45585235143713965
0.6974063367369601,Advantaged,0.6209223725073114,0.7737919857982657,8,0,14.179381950260725,2560,0.8474063367369601
0.7253270790861206,Advantaged,0.20721875940824847,0.6150213131803871,8,0,14.179381950260725,2560,0.8753270790861206
0.6985188235768753,Advantaged,0.7369697644660221,0.706073776424969,8,0,14.179381950260725,2560,0.8485188235768754
0.6517660882547547,Advantaged,0.21369299828422383,0.6221083315918732,8,0,14.179381950260725,2560,0.8017660882547547
0.6369284300054413,Advantaged,0.603067465423055,0.09737194872771701,9,1,14.179381950260725,2560,0.7869284300054413
0.8491678843557553,Advantaged,0.34347298576158297,0.4866002260125821,9,2,13.345091659153077,1280,0.9991678843557553
0.4793271934742753,Advantaged,0.7493367648593137,0.7010466714415107,8,1,13.345091659153077,1280,0.6293271934742753
0.5791605987014653,Advantaged,0.4503415224689119,0.8139385203031628,7,0,13.345091659153077,1280,0.7291605987014653
0.5903085576006931,Advantaged,0.8509927253129971,0.12221238885621602,8,1,13.345091659153077,1280,0.7403085576006931
0.789845736492227,Advantaged,0.188253254233512,0.08524177764514601,7,0,13.345091659153077,1280,0.939845736492227
0.5892380153613848,Advantaged,0.5695008299989969,0.7742735176226727,8,1,13.345091659153077,1280,0.7392380153613848
0.3870653206780643,Advantaged,0.3886416035041732,0.6888234225259307,7,0,13.345091659153077,1280,0.5370653206780643
0.5777395536114494,Advantaged,0.22884003229240021,0.5836690896820852,7,0,13.345091659153077,1280,0.7277395536114494
0.7253058403430335,Advantaged,0.5778919848363235,0.11524307638504057,8,1,13.345091659153077,1280,0.8753058403430335
0.6042642762228423,Advantaged,0.13860179792593852,0.2251311142497988,8,1,13.345091659153077,1280,0.7542642762228423
0.6426521288778607,Advantaged,0.3000020737706484,0.6697935382708148,13,0,14.819000116288723,81920,0.7926521288778607
0.7380933217314042,Advantaged,0.39646868685848863,0.8813837490980491,12,0,14.745218991218332,40960,0.8880933217314042
0.5582176776440859,Advantaged,0.685363570625537,0.2912422580197361,12,1,14.599738127555884,20480,0.7082176776440859
0.5415875323298739,Advantaged,0.10136660076191288,0.5082392106643548,11,0,14.599738127555884,20480,0.6915875323298739
0.7810431098683815,Advantaged,0.8021953986906701,0.8702869578612162,12,2,14.386601455674894,10240,0.9310431098683816
0.7004381696746234,Advantaged,0.4945172459867074,0.6637977167456619,11,1,14.386601455674894,10240,0.8504381696746234
0.6389105130341054,Advantaged,0.646364629851302,0.0678072587983099,11,1,14.386601455674894,10240,0.7889105130341054
0.5999893525249512,Advantaged,0.39462944947817913,0.7014692043804504,9,0,14.179381950260725,5120,0.7499893525249512
0.5839080346014569,Advantaged,0.3464631913658417,0.8514501760396366,9,0,14.179381950260725,5120,0.7339080346014569
0.7727847767984968,Advantaged,0.3250457204493754,0.8636595397186814,9,0,14.179381950260725,5120,0.9227847767984968
0.7405213521120714,Advantaged,0.32028038984058027,0.42358431920979117,9,1,13.84662633994484,2560,0.8905213521120714
0.7698016503613869,Advantaged,0.9827813965741045,0.9651286633377107,8,0,13.84662633994484,2560,0.919801650361387
0.6571740214334858,Advantaged,0.31793909060504677,0.1977614564797957,9,1,13.84662633994484,2560,0.8071740214334858
0.7618051949675855,Advantaged,0.3029743675212028,0.9683169693783371,9,1,13.84662633994484,2560,0.9118051949675855
0.546171537080693,Advantaged,0.3091800604455766,0.5621071384028897,9,1,13.84662633994484,2560,0.696171537080693
0.6306661514253296,Disadvantaged,0.8255407536513547,0.6601780677545557,8,1,13.049675420908185,1280,0.48066615142532954
0.618236096347619,Advantaged,0.35412599505573994,0.5617320613648317,9,2,13.049675420908185,1280,0.768236096347619
0.5514360004890488,Advantaged,0.9304540060467518,0.29406461030226294,9,2,13.049675420908185,1280,0.7014360004890489
0.5519870479999025,Advantaged,0.7715847592219358,0.9292129861765462,7,0,13.049675420908185,1280,0.7019870479999025
0.6445488234410034,Advantaged,0.18664822545115703,0.9251795626229222,7,0,13.049675420908185,1280,0.7945488234410034
0.7436906486175383,Advantaged,0.3902684315269933,0.13356154949974214,24,3,14.819000116288723,20971520,0.8936906486175383
0.5904710423420889,Advantaged,0.3611675222364917,0.13512044783626032,12,1,14.745218991218332,20480,0.7404710423420889
0.6608131043833405,Advantaged,0.03745830149867048,0.6600724474286003,11,2,14.672134338968696,5120,0.8108131043833405
0.7366064768577176,Advantaged,0.5060804201340979,0.25478753880759825,8,0,13.84662633994484,2560,0.8866064768577177
0.6410191374724068,Advantaged,0.8521834629511378,0.5214018711173879,8,0,13.84662633994484,2560,0.7910191374724068
0.533246902776563,Advantaged,0.3030354387268183,0.966591400025987,8,0,13.84662633994484,2560,0.683246902776563
0.7600175236714715,Advantaged,0.8847601155412212,0.7346901007341824,8,0,13.84662633994484,2560,0.9100175236714715
0.6497695722202382,Advantaged,0.26872233698834935,0.7766360736994157,10,2,13.84662633994484,2560,0.7997695722202383
0.7026903203087687,Disadvantaged,0.436842186522406,0.5685035248903271,9,1,13.84662633994484,2560,0.5526903203087686
0.7067747889427622,Advantaged,0.2475967681549712,0.9439111627865379,8,0,13.84662633994484,2560,0.8567747889427623
0.7102296073039961,Advantaged,0.46844414926356454,0.5817814526769022,10,2,13.84662633994484,2560,0.8602296073039961
0.8287482062828808,Disadvantaged,0.044961853493792725,0.18233106945831312,8,0,13.84662633994484,2560,0.6787482062828808
0.46670051033088256,Advantaged,0.36113491235416734,0.14048057904731096,11,3,13.84662633994484,2560,0.6167005103308826
0.5083773035335514,Advantaged,0.01470621629729311,0.6624782983994398,9,1,13.84662633994484,2560,0.6583773035335514
0.6563281195480761,Advantaged,0.5134304484748629,0.33979886218173366,9,1,13.84662633994484,2560,0.8063281195480761
0.7010933773018325,Advantaged,0.015530998333222905,0.08558417679927317,9,2,13.166243432076536,1280,0.8510933773018325
0.6296658203189748,Advantaged,0.44816015102548423,0.27231671035855043,11,4,13.166243432076536,1280,0.7796658203189748
0.484154665837443,Advantaged,0.49223683193205525,0.8159366011380945,8,1,13.166243432076536,1280,0.634154665837443
0.707333144269109,Advantaged,0.9679366785764175,0.5227366467620436,8,1,13.166243432076536,1280,0.857333144269109
0.8917287764577162,Advantaged,0.44016852729550715,0.07816140541102534,9,2,13.166243432076536,1280,1
0.6941109022836977,Advantaged,0.3386825839977304,0.014035046894094022,15,4,14.745218991218332,20480,0.8441109022836977
0.5332639654888545,Advantaged,0.9930138793224886,0.6934361330949381,11,0,14.745218991218332,20480,0.6832639654888545
0.6587339610625359,Advantaged,0.18179882019155877,0.38902467222935266,9,0,14.456979446737355,5120,0.8087339610625359
0.7811612171348744,Advantaged,0.8375445680671941,0.6640217663646115,9,0,14.456979446737355,5120,0.9311612171348744
0.6388443788903259,Advantaged,0.23466424749867612,0.21202917416019376,10,1,14.456979446737355,5120,0.7888443788903259
0.5743728988510672,Advantaged,0.8750666176763581,0.1413785889014991,10,1,14.456979446737355,5120,0.7243728988510673
0.7228193376329551,Advantaged,0.7985413252116547,0.38518014353866786,12,4,13.781903241370497,2560,0.8728193376329552
0.7307837461176341,Advantaged,0.6909508834481796,0.24502191636410187,11,3,13.781903241370497,2560,0.8807837461176341
0.5712642643598155,Advantaged,0.9833141271539255,0.27252093301414143,9,1,13.781903241370497,2560,0.7212642643598155
0.5994101386290118,Advantaged,0.9838096152131552,0.27616849147821243,9,1,13.781903241370497,2560,0.7494101386290118
0.7731173590691431,Advantaged,0.9793683920178414,0.19656246967048419,11,3,13.781903241370497,2560,0.9231173590691432
0.8226588538040605,Advantaged,0.09696621402973005,0.4448511299158247,9,1,13.781903241370497,2560,0.9726588538040605
0.6004543691973555,Advantaged,0.4547357978160257,0.816764048375977,9,1,13.781903241370497,2560,0.7504543691973555
0.6825882422368972,Disadvantaged,0.5035799367443673,0.4387004553625332,8,0,13.781903241370497,2560,0.5325882422368972
0.7238760483221115,Disadvantaged,0.7539381767884916,0.595800189966271,8,0,13.781903241370497,2560,0.5738760483221115
0.47946152449618,Advantaged,0.314601486230232,0.7704632343105805,8,0,13.781903241370497,2560,0.62946152449618
0.693701061564165,Advantaged,0.39656706674219067,0.6171753304588854,7,0,13.22532078750519,1280,0.843701061564165
0.5567657802749705,Advantaged,0.18799720075333595,0.1021696411858577,8,1,13.22532078750519,1280,0.7067657802749705
0.7212310812561393,Advantaged,0.9519823297246623,0.3141155718751622,9,2,13.22532078750519,1280,0.8712310812561394
0.635141928786257,Advantaged,0.6421551282392509,0.9417835455758506,7,0,13.22532078750519,1280,0.785141928786257
0.5971109418825337,Advantaged,0.12337805119004862,0.4066176200667813,12,0,14.745218991218332,40960,0.7471109418825337
0.6148374607515275,Disadvantaged,0.013656501543583043,0.7170169126145097,12,0,14.745218991218332,40960,0.46483746075152743
0.4915999125239413,Advantaged,0.7077434698944512,0.22328787929707425,11,0,14.599738127555884,20480,0.6415999125239413
0.6132784467655892,Advantaged,0.6816622627695179,0.19665080444905816,14,3,14.599738127555884,20480,0.7632784467655892
0.6255738021712192,Advantaged,0.726052403882081,0.7727419264262441,10,0,14.456979446737355,10240,0.7755738021712192
0.7604166521628524,Advantaged,0.7238761228775671,0.3636519793763905,11,1,14.456979446737355,10240,0.9104166521628524
0.6678189603745405,Advantaged,0.7296588951385863,0.767192100238435,12,3,14.111588942238917,5120,0.8178189603745405
0.8681137359575253,Advantaged,0.6985326121649265,0.23077606385115035,9,0,14.111588942238917,5120,1
0.6161907954289477,Disadvantaged,0.45487433184165305,0.5013005731416523,11,2,14.111588942238917,5120,0.4661907954289477
0.6960591693717911,Advantaged,0.45093249377391453,0.7483131721736261,9,0,14.111588942238917,5120,0.8460591693717912
0.7315743325669342,Advantaged,0.09823254525049854,0.0740241138982721,10,1,14.111588942238917,5120,0.8815743325669342
0.47896428965254534,Advantaged,0.8685744213049221,0.49679050742491004,9,1,13.528879118687582,2560,0.6289642896525454
0.49751589809874386,Advantaged,0.9759508539442974,0.5957147506730566,10,2,13.528879118687582,2560,0.6475158980987439
0.7091166239448681,Disadvantaged,0.5969636391359497,0.5748189060198171,8,0,13.528879118687582,2560,0.559116623944868
0.61047686795766265,Advantaged,0.19683083881790847,0.9824195427366009,10,2,13.528879118687582,2560,0.7604768679576627
0.4249180914621671,Advantaged,0.14361795603381053,0.5988877369890184,8,0,13.528879118687582,2560,0.5749180914621671
0.599963823613326,Advantaged,0.31097953163888953,0.09079081040403959,8,0,13.528879118687582,2560,0.749963823613326
0.8641348705160181,Advantaged,0.3098774125419594,0.3967310248396883,8,0,13.528879118687582,2560,1
0.5939079150862799,Advantaged,0.01872242322719809,0.03473891286916141,9,1,13.528879118687582,2560,0.74390791508628
0.6427221601283571,Disadvantaged,0.7200498937650014,0.2263169239613399,9,1,13.528879118687582,2560,0.4927221601283571
0.6895166317644001,Advantaged,0.36913679925544157,0.48491905087521714,11,0,14.819000116288723,20480,0.8395166317644002
0.609807704739437,Advantaged,0.5567402093363139,0.638137511947234,11,1,14.745218991218332,10240,0.759807704739437
0.6627343102995923,Advantaged,0.6200232418944401,0.5207522524606474,9,0,14.386601455674894,5120,0.8127343102995923
0.7320889072122062,Advantaged,0.3351596116229651,0.03043826213407687,9,0,14.386601455674894,5120,0.8820889072122062
0.773424460460502,Advantaged,0.9273040591361492,0.25550334377385747,9,0,14.386601455674894,5120,0.923424460460502
0.5762122676900528,Advantaged,0.8649465644046368,0.2569119908316385,9,0,14.386601455674894,5120,0.7262122676900529
0.5973788660060483,Advantaged,0.5296806822292303,0.3755567548692282,11,2,14.386601455674894,5120,0.7473788660060483
0.6352625608350044,Advantaged,0.007589823496875478,0.9766257046548121,8,0,14.044423932524928,2560,0.7852625608350045
0.539486906029759,Advantaged,0.3558547093095119,0.490820530659533,8,0,14.044423932524928,2560,0.689486906029759
0.5654288395045289,Advantaged,0.23261296105413556,0.6868913138530852,11,3,14.044423932524928,2560,0.715428839504529
0.6849472352544599,Advantaged,0.9222327040089063,0.24931778047762035,9,1,14.044423932524928,2560,0.8349472352544599
0.7435955150627348,Disadvantaged,0.26867493456669744,0.6395328270018897,9,1,14.044423932524928,2560,0.5935955150627348
0.7438678502684722,Advantaged,0.13163549873273617,0.9313191529143305,9,2,13.467057610920294,1280,0.8938678502684723
0.5864862416827573,Advantaged,0.5018481287632638,0.26957188036862706,7,0,13.467057610920294,1280,0.7364862416827573
0.6427106030589077,Advantaged,0.38486903526621,0.5663811020803318,8,1,13.467057610920294,1280,0.7927106030589077
0.7305968885274595,Advantaged,0.41061613920251305,0.5446159225825998,9,2,13.467057610920294,1280,0.8805968885274595
0.5033989973260574,Advantaged,0.8041371430759202,0.4517482343623276,8,1,13.467057610920294,1280,0.6533989973260574
0.6280584406589221,Disadvantaged,0.3780733223677849,0.4917643189648009,8,1,13.467057610920294,1280,0.4780584406589221
0.6007136579866249,Advantaged,0.7804789099568937,0.6823503046391522,9,2,13.467057610920294,1280,0.7507136579866249
0.5961102719346378,Disadvantaged,0.8256274059088206,0.7877591336111246,7,0,13.467057610920294,1280,0.4461102719346378
0.7493246846309204,Disadvantaged,0.6181737003113555,0.3907161061582503,9,0,14.599738127555884,5120,0.5993246846309204
0.6473910307553351,Advantaged,0.4716393117102521,0.09916164128999436,9,0,14.599738127555884,5120,0.7973910307553351
0.5172165947138663,Advantaged,0.768738027326114,0.5751042635821788,9,0,14.599738127555884,5120,0.6672165947138663
0.6489450650919983,Disadvantaged,0.6185311962831859,0.3852591118450967,11,2,14.599738127555884,5120,0.4989450650919983
0.6190572914404208,Advantaged,0.4846670516738807,0.02117693637826698,10,2,14.179381950260725,2560,0.7690572914404208
0.5812027777376102,Advantaged,0.9413076636476433,0.878943488853219,8,0,14.179381950260725,2560,0.7312027777376102
0.581338616075048,Advantaged,0.47601702278804275,0.8603484317664966,12,4,14.179381950260725,2560,0.731338616075048
0.7223019796562726,Advantaged,0.10368742713408166,0.4350995381631476,9,1,14.179381950260725,2560,0.8723019796562727
0.6024286072964584,Advantaged,0.800803395429515,0.027988472443759738,8,0,14.179381950260725,2560,0.7524286072964584
0.6056594623521082,Advantaged,0.9906326306413915,0.46787855316148097,8,0,14.179381950260725,2560,0.7556594623521082
0.7537357391876143,Advantaged,0.8702885380341435,0.210677490549959,8,1,13.467057610920294,1280,0.9037357391876143
0.6512451233179593,Advantaged,0.9209413873842589,0.8718452600887351,7,0,13.467057610920294,1280,0.8012451233179593
0.6188898817086513,Advantaged,0.41068993062730785,0.7360168508061704,7,0,13.467057610920294,1280,0.7688898817086514
0.5843468217821883,Advantaged,0.6385258707363826,0.37826790354812323,9,2,13.467057610920294,1280,0.7343468217821884
0.8118946124361182,Disadvantaged,0.9216690585156208,0.23950873313017598,7,0,13.467057610920294,1280,0.6618946124361181
0.5492744066216609,Advantaged,0.2468448335893304,0.24029343317503768,7,0,13.467057610920294,1280,0.699274406621661
0.6557394606429112,Advantaged,0.49429935016738835,0.7391670605026427,8,1,13.467057610920294,1280,0.8057394606429112
0.6447699919035565,Disadvantaged,0.47821158124133945,0.03055402391997921,8,1,13.467057610920294,1280,0.4947699919035565
0.5756894222886586,Advantaged,0.2919220723865081,0.35800378206440836,7,0,13.467057610920294,1280,0.7256894222886586
0.5942102701740356,Advantaged,0.5097123354624734,0.09882961710641597,8,1,13.467057610920294,1280,0.7442102701740356
0.5677144245954278,Advantaged,0.28667069879587537,0.579726446890249,13,0,14.819000116288723,81920,0.7177144245954278
0.7411827122337928,Advantaged,0.2995090957775026,0.3144095601092338,14,3,14.599738127555884,20480,0.8911827122337929
0.7435243655670666,Advantaged,0.5356689541929619,0.28574656779572033,11,0,14.599738127555884,20480,0.8935243655670666
0.7680272566796603,Advantaged,0.9826593018792551,0.011447935911887024,12,1,14.599738127555884,20480,0.9180272566796603
0.5997416721502209,Disadvantaged,0.6912896174309655,0.024943528773346497,10,0,14.528022434825846,10240,0.4497416721502209
0.619185690604521,Advantaged,0.0380074644938519,0.8997240509589977,11,2,14.247810156376232,5120,0.769185690604521
0.4886111566880665,Advantaged,0.7861684105226965,0.0894634321816173,11,2,14.247810156376232,5120,0.6386111566880665
0.6696148454722437,Advantaged,0.008432844024735379,0.5144076497729553,9,0,14.247810156376232,5120,0.8196148454722437
0.4797831216527933,Advantaged,0.4474166991416161,0.47856509208850634,9,0,14.247810156376232,5120,0.6297831216527933
0.8627800236707035,Advantaged,0.016570436084800542,0.8981997829593199,9,1,13.97787981823327,2560,1
0.8831000568386408,Advantaged,0.8896260179905916,0.14468333812717776,8,0,13.97787981823327,2560,1
0.5261620057922471,Advantaged,0.9839835499531464,0.011578064938933028,9,1,13.97787981823327,2560,0.6761620057922472
0.7094233269360078,Advantaged,0.020942976043805184,0.9812559098473274,10,2,13.97787981823327,2560,0.8594233269360079
0.7777033168477023,Advantaged,0.022587232993665475,0.2689847572630188,9,2,13.107696914874285,1280,0.9277033168477024
0.4884026411069935,Advantaged,0.6626570863795203,0.7770607082337716,7,0,13.107696914874285,1280,0.6384026411069935
0.6394759474006493,Advantaged,0.5730977874302504,0.6177464948552406,7,0,13.107696914874285,1280,0.7894759474006493
0.5849526609797382,Advantaged,0.3446159809700385,0.806154854245836,8,1,13.107696914874285,1280,0.7349526609797382
0.7085102250662908,Advantaged,0.47555625127785983,0.9894389843785978,8,1,13.107696914874285,1280,0.8585102250662908
0.573480273182032,Advantaged,0.8210212947228525,0.08357335131068655,7,0,13.107696914874285,1280,0.723480273182032
0.6942944000720467,Advantaged,0.17042758346034856,0.7845873851549177,8,1,13.107696914874285,1280,0.8442944000720467
0.749822513103897,Advantaged,0.7628370738050794,0.26591095509382884,12,0,14.745218991218332,40960,0.899822513103897
0.5702018571863097,Advantaged,0.3928629226428897,0.816902088410272,13,1,14.745218991218332,40960,0.7202018571863097
0.7054266357833039,Advantaged,0.7569208579573465,0.2517263607332826,9,0,14.599738127555884,5120,0.8554266357833039
0.7426210065961089,Advantaged,0.3785940613829304,0.8092191882862417,12,3,14.599738127555884,5120,0.8926210065961089
0.7817702697848328,Advantaged,0.9501241247368912,0.60390719121544445,8,0,14.044423932524928,2560,0.9317702697848328
0.6408948317552322,Advantaged,0.7533525109918908,0.5191737124939629,13,5,14.044423932524928,2560,0.7908948317552322
0.6670927387406129,Advantaged,0.24216439641678514,0.13400110058991507,8,0,14.044423932524928,2560,0.817092738740613
0.797585029634888,Advantaged,0.22470488386756896,0.4874798101975365,8,0,14.044423932524928,2560,0.947585029634888
0.5504927129202819,Advantaged,0.2485737218811126,0.1495922212801707,10,2,14.044423932524928,2560,0.7004927129202819
0.6519987945347783,Disadvantaged,0.7580863084488859,0.3030943753735269,9,1,14.044423932524928,2560,0.5019987945347782
0.7365292642783009,Disadvantaged,0.12396172903459612,0.3478507443252413,9,1,14.044423932524928,2560,0.5865292642783009
0.7575236989241292,Advantaged,0.9833489485868063,0.5378456614177155,9,1,14.044423932524928,2560,0.9075236989241292
0.6549420207750153,Advantaged,0.5907437235026607,0.9168150957652937,9,2,13.591268013328797,1280,0.8049420207750153
0.7953893993767753,Advantaged,0.9674930118907021,0.9238952151256433,10,3,13.591268013328797,1280,0.9453893993767754
0.5042004172897498,Advantaged,0.5128417186872265,0.009517854839489234,11,4,13.591268013328797,1280,0.6542004172897499
0.7221933419791315,Disadvantaged,0.3665707696933503,0.25124119439588594,7,0,13.591268013328797,1280,0.5721933419791315
0.5511068311946492,Advantaged,0.7886927590186509,0.3320664243856028,8,1,13.591268013328797,1280,0.7011068311946492
0.6117616809341484,Advantaged,0.3930333909145394,0.49686709429202275,7,0,13.591268013328797,1280,0.7617616809341484
0.6281685266590038,Advantaged,0.45478357390074325,0.07497384231676585,7,0,13.591268013328797,1280,0.7781685266590038
0.7190352593057517,Advantaged,0.18794659188304524,0.5703930304413523,6,0,12.392352856317313,640,0.8690352593057518
0.7092691378901804,Advantaged,0.19542844906050844,0.570275780457577,15,0,14.819000116288723,327680,0.8592691378901804
0.6000720097056528,Advantaged,0.5393584442918018,0.6237153169763882,14,0,14.745218991218332,163840,0.7500720097056528
0.6601104879872115,Advantaged,0.6473244248127185,0.5107398538002327,13,2,14.599738127555884,20480,0.8101104879872115
0.7952567093370269,Advantaged,0.01811595170513092,0.407708384970027,11,0,14.599738127555884,20480,0.9452567093370269
0.6390151486134348,Advantaged,0.17283252251811734,0.5381693889442554,10,0,14.31688085879078,10240,0.7890151486134348
0.7457978110497805,Advantaged,0.6263176414163422,0.4478676839527762,11,1,14.31688085879078,10240,0.8957978110497805
0.798696059499383,Advantaged,0.7622495064991457,0.8651595117816173,10,0,14.31688085879078,10240,0.9486960594993831
0.7034777065766855,Advantaged,0.6217583441499862,0.49903366996892795,11,1,14.31688085879078,10240,0.8534777065766855
0.6385804537742003,Advantaged,0.5349485232733394,0.6298504069445201,10,1,14.247810156376232,5120,0.7885804537742003
0.6265349929859066,Disadvantaged,0.4460988286963724,0.10831221870716606,8,0,13.84662633994484,2560,0.4765349929859066
0.6821429422996017,Advantaged,0.4413375242437185,0.10813065533947887,9,1,13.84662633994484,2560,0.8321429422996017
0.6901574359545717,Advantaged,0.5876479572755521,0.6028661101301251,8,0,13.84662633994484,2560,0.8401574359545717
0.5477507443241865,Advantaged,0.22228901499224393,0.38102891169655234,8,0,13.84662633994484,2560,0.6977507443241865
0.8081450174102871,Advantaged,0.6164706915869512,0.7204795781678209,11,3,13.84662633994484,2560,0.9581450174102871
0.6093673392608624,Advantaged,0.8549389685017627,0.8835623357027992,10,2,13.84662633994484,2560,0.7593673392608624
0.8304230073411172,Disadvantaged,0.1155004375706895,0.02351525437726236,9,2,13.166243432076536,1280,0.6804230073411172
0.7442986294063405,Advantaged,0.5909360426498939,0.5966331510971398,7,0,13.166243432076536,1280,0.8942986294063405
0.5579551093182316,Advantaged,0.36331485853002254,0.17576121018078197,10,3,13.166243432076536,1280,0.7079551093182316
0.6168502193759093,Advantaged,0.24767524961599924,0.32455488416106804,8,1,13.166243432076536,1280,0.7668502193759094
0.6807327740340909,Disadvantaged,0.8365742054255911,0.009444483641572111,7,0,13.166243432076536,1280,0.5307327740340909
0.7870065557358572,Advantaged,0.6707169839530831,0.24824626809704253,12,0,14.819000116288723,40960,0.9370065557358572
0.6949855005541448,Advantaged,0.5087459574845059,0.14945365290796914,12,1,14.745218991218332,20480,0.8449855005541448
0.5402439155925052,Advantaged,0.8832734803222028,0.5825986254483053,16,6,14.456979446737355,10240,0.6902439155925052
0.552953486271822,Advantaged,0.6903862289954625,0.26487233290050305,11,1,14.456979446737355,10240,0.702953486271822
0.7026003832233357,Advantaged,0.37311673182322275,0.4572019014375479,10,0,14.456979446737355,10240,0.8526003832233358
0.6335661933486563,Advantaged,0.78677796724308,0.8956450432775293,10,0,14.456979446737355,10240,0.7835661933486563
0.5136212191806835,Advantaged,0.3861918218818433,0.9228279269126647,11,2,14.31688085879078,5120,0.6636212191806835
0.8571899423666492,Advantaged,0.817192328257477,0.19832591568722174,9,0,14.31688085879078,5120,1
0.7991107846262787,Advantaged,0.123675621379936,0.17888388360632743,9,1,13.781903241370497,2560,0.9491107846262787
0.5095308608884497,Advantaged,0.9776222237110119,0.3916262101558088,8,0,13.781903241370497,2560,0.6595308608884497
0.717787519122061,Advantaged,0.21325547295038716,0.7998984369636972,8,0,13.781903241370497,2560,0.867787519122061
0.8446847602121133,Advantaged,0.3823438991041882,0.39724330837370375,11,3,13.781903241370497,2560,0.9946847602121133
0.6487933864697514,Advantaged,0.039396088190413826,0.6564201194009933,10,2,13.781903241370497,2560,0.7987933864697514
0.5878817095899512,Advantaged,0.36476949634220435,0.8325456019180516,9,1,13.781903241370497,2560,0.7378817095899513
0.7285716156607023,Advantaged,0.19132651630858544,0.1808176658102381,8,0,13.781903241370497,2560,0.8785716156607023
0.8228204677864827,Advantaged,0.7259119593570779,0.5742271680255138,11,3,13.781903241370497,2560,0.9728204677864827
0.6253454725833837,Advantaged,0.6964288252528609,0.5365138605552081,8,1,13.049675420908185,1280,0.7753454725833837
0.5946927881079179,Advantaged,0.19165322829885828,0.8344323712688366,7,0,13.049675420908185,1280,0.744692788107918
0.8459218057676294,Advantaged,0.46886991516024396,0.1349573917397349,10,3,13.049675420908185,1280,0.9959218057676295
0.6448696581230118,Advantaged,0.29172272279520345,0.2804186276231999,7,0,13.049675420908185,1280,0.7948696581230118
0.7369724894318195,Advantaged,0.9672709435389021,0.9282766870380523,12,0,14.819000116288723,40960,0.8869724894318195
0.6298438388305798,Disadvantaged,0.1835684382185266,0.13280259716829554,11,0,14.745218991218332,20480,0.4798438388305798
0.6494247221095693,Advantaged,0.3851522721005001,0.4012915228530579,11,1,14.599738127555884,10240,0.7994247221095693
0.6121761429031443,Advantaged,0.11216122674436045,0.6826733180335653,12,2,14.599738127555884,10240,0.7621761429031443
0.7443262926699223,Advantaged,0.9073266112187701,0.48101967715991856,11,2,14.31688085879078,5120,0.8943262926699224
0.6966432051015158,Disadvantaged,0.4549197271785963,0.3517413174800704,9,0,14.31688085879078,5120,0.5466432051015158
0.6406267013889871,Advantaged,0.4458097861384723,0.3708284164429063,11,2,14.31688085879078,5120,0.7906267013889872
0.8124927247829491,Advantaged,0.21464915573596957,0.5991322361894267,12,3,14.31688085879078,5120,0.9624927247829491
0.6467592158687533,Advantaged,0.05370119960853524,0.006786623557297448,11,3,13.84662633994484,2560,0.7967592158687533
0.6725071059526706,Advantaged,0.35353836274488054,0.5124681291554994,11,3,13.84662633994484,2560,0.8225071059526706
0.7339622139583442,Advantaged,0.7094990563085442,0.3294290618296824,9,1,13.84662633994484,2560,0.8839622139583442
0.7418135156818357,Disadvantaged,0.9843729674927334,0.5195611840350303,8,0,13.84662633994484,2560,0.5918135156818357
0.5093226044129266,Advantaged,0.04848208136981659,0.6476542217707938,9,1,13.84662633994484,2560,0.6593226044129267
0.48495868087265537,Advantaged,0.40857220177228254,0.5530841993098494,12,4,13.84662633994484,2560,0.6349586808726554
0.731954292834551,Disadvantaged,0.5815578557872931,0.8210884851510104,8,0,13.84662633994484,2560,0.581954292834551
0.6000737795916348,Advantaged,0.797613297604182,0.07233647077080252,7,0,13.049675420908185,1280,0.7500737795916348
0.6548202046461831,Advantaged,0.6541547645902752,0.07754804959071254,9,2,13.049675420908185,1280,0.8048202046461831
0.7498528964201686,Advantaged,0.08456300958106064,0.6997598505298612,7,0,13.049675420908185,1280,0.8998528964201686
0.5042436633865596,Advantaged,0.771133584236791,0.40420056704144497,7,0,13.049675420908185,1280,0.6542436633865596
0.8636105414383621,Disadvantaged,0.47725613792172045,0.038850356855971824,7,0,13.049675420908185,1280,0.7136105414383621
0.7137684366835896,Advantaged,0.9633307264450548,0.05399257335371676,13,0,14.819000116288723,81920,0.8637684366835896
0.5354879509847505,Advantaged,0.06642646565963863,0.03749099943731258,13,1,14.745218991218332,40960,0.6854879509847506
0.6105048267309868,Advantaged,0.008841462682385868,0.7585013621331503,12,3,14.386601455674894,5120,0.7605048267309868
0.8829634557814683,Advantaged,0.6588999586555162,0.07091846576989143,9,0,14.386601455674894,5120,1
0.6911776581718666,Advantaged,0.5648834999310158,0.06157563582400963,10,1,14.386601455674894,5120,0.8411776581718666
0.5828029955121137,Advantaged,0.932264499954731,0.908854229968801,9,0,14.386601455674894,5120,0.7328029955121137
0.5766396552771491,Advantaged,0.28909941813074497,0.3820097647961785,9,0,14.386601455674894,5120,0.7266396552771491
0.6077276200380888,Advantaged,0.5297267813251738,0.17344711020482306,8,0,14.247810156376232,2560,0.7577276200380888
0.6754010506271819,Advantaged,0.7331422647607249,0.9243090535405171,9,1,14.247810156376232,2560,0.8254010506271819
0.6117892800687498,Advantaged,0.03956702671046206,0.7546270153142364,8,1,13.40579719504566,1280,0.7617892800687498
0.5126522694129964,Advantaged,0.6590264882076884,0.06774627703209571,7,0,13.40579719504566,1280,0.6626522694129964
0.6714501015498073,Advantaged,0.8538344359240815,0.8926880243014248,9,2,13.40579719504566,1280,0.8214501015498074
0.5367315296701093,Advantaged,0.7669326114092968,0.12019288382696833,7,0,13.40579719504566,1280,0.6867315296701093
0.6593375717216524,Advantaged,0.5156675349024417,0.6495781195377792,11,4,13.40579719504566,1280,0.8093375717216524
0.7869828073032459,Advantaged,0.9516430662514003,0.02034962214691685,7,0,13.40579719504566,1280,0.9369828073032459
0.6956500674651401,Advantaged,0.44337974665037805,0.8138123895400736,8,1,13.40579719504566,1280,0.8456500674651402
0.638369402989002,Advantaged,0.8264325928783962,0.98322297849192,7,0,13.40579719504566,1280,0.788369402989002
0.6870499394577104,Disadvantaged,0.7294312093930495,0.7220008718463782,7,0,13.40579719504566,1280,0.5370499394577104
0.7817155285579891,Advantaged,0.3874046399874325,0.2543298577975519,7,0,13.40579719504566,1280,0.9317155285579891
0.6717979069525651,Disadvantaged,0.5713050456298283,0.10963466485373825,7,0,13.40579719504566,1280,0.5217979069525651
